ENGLISH,TÜRKÇE
a,bir
abandon,terk etmek
ability,yetenek
able,hünerli
about,hakkında
above,üstünde
abroad,yurt dışı
absolute,mutlak
absolutely,kesinlikle
academic,akademik
accept,kabul etmek
acceptable,kabul edilebilir
access,erişim
accident,kaza
accommodation,konaklama
accompany,eşlik etmek
according to,buna göre
account,hesap
accurate,kesin
accuse,suçlamak
achieve,başarmak
achievement,başarı
acknowledge,kabullenmek
acquire,elde etmek
across,karşısında
act,davranmak
action,aksiyon
active,aktif
activity,aktivite
actor,aktör
actress,aktris
actual,gerçek
actually,Aslında
ad,reklam
adapt,adapte olmak
add,eklemek
addition,ek
additional,ek olarak
address,adres
administration,yönetim
admire,beğenmek
admit,itiraf etmek
adopt,evlat edinmek
adult,yetişkin
advance,ilerlemek
advanced,gelişmiş
advantage,avantaj
adventure,macera
advertise,ilan etmek
advertisement,reklamcılık
advertising,reklam
advice,tavsiye
advise,öğüt vermek
affair,mesele
affect,etkilemek
afford,parası yetmek
afraid,korkmuş
after,sonrasında
afternoon,öğleden sonra
afterwards,daha sonrasında
again,Tekrar
against,aykırı
age,yaş
aged,yaşlı
agency,Ajans
agenda,Gündem
agent,ajan
aggressive,saldırgan
ago,evvel
agree,kabul etmek
agreement,anlaşma
ah,Ah
ahead,ilerde
aid,yardım
aim,amaç
air,hava
aircraft,uçak
airline,havayolu
airport,havalimanı
alarm,alarm vermek
album,albüm
alcohol,alkol
alcoholic,alkollü
alive,canlı
all,Tümü
all right,Elbette
allow,izin vermek
almost,neredeyse
alone,yalnız
along,birlikte
already,çoktan
also,Ayrıca
alter,değiştirmek
alternative,alternatif
although,rağmen
always,Her zaman
amazed,şaşkın
amazing,inanılmaz
ambition,tutku
ambitious,hırslı
among,arasında
amount,miktar
analyse,analiz etmek
analysis,analiz
ancient,antik
and,Ve
anger,kızgınlık
angle,açı
angrily,öfkeyle
angry,sinirli
animal,hayvan
ankle,bilek
anniversary,yıl dönümü
announce,duyurmak
announcement,duyuru
annoy,kızdırmak
annoyed,sinirli
annoying,sinir bozucu
annual,yıllık
another,bir diğer
answer,cevap
anxious,endişeli
any,herhangi
any more,artık değil
anybody,kimse
anyone,herhangi biri
anything,herhangi bir şey
anyway,Neyse
anywhere,herhangi bir yer
apart,ayrı
apartment,apartman
apologize,özür dilemek
app,uygulama
apparent,görünen
apparently,görünüşe göre
appeal,çekici
appear,belli olmak
appearance,dış görünüş
apple,elma
application,başvuru
apply,uygula
appointment,randevu
appreciate,takdirle karşılamak
approach,yaklaşmak
appropriate,uygun
approval,onay
approve,onaylamak
approximately,yaklaşık olarak
april,nisan
architect,mimar
architecture,mimari
area,alan
argue,tartışmak
argument,argüman
arise,kalkmak
arm,kol
armed,silahlı
arms,silâh
army,ordu
around,etrafında
arrange,düzenlemek
arrangement,ayarlama
arrest,tutuklamak
arrival,varış
arrive,varmak
art,sanat
article,madde
artificial,yapay
artist,sanatçı
artistic,sanatsal
as,gibi
ashamed,utanmış
ask,sormak
asleep,uyuya kalmak
aspect,bakış açısı
assess,değer biçmek
assessment,değerlendirme
assignment,atama
assist,yardım
assistant,asistan
associate,iş arkadaşı
associated,birleşmiş
association,dernek
assume,farz etmek
at,-den
athlete,atlet
atmosphere,atmosfer
attach,eklemek
attack,saldırı
attempt,girişim
attend,katılmak
attention,dikkat
attitude,davranış
attract,cezbetmek
attraction,cazibe
attractive,çekici
audience,kitle
august,Ağustos
aunt,hala
author,yazar
authority,yetki
autumn,sonbahar
available,mevcut
average,ortalama
avoid,kaçınmak
award,ödül
aware,farkında olmak
away,uzak
awful,berbat
abolish,ortadan kaldırmak
abortion,kürtaj
absence,yokluk
absent,mevcut olmayan
absorb,emmek
abstract,soyut
absurd,absürt
abundance,bolluk
abuse,suistimal etmek
academy,akademi
accelerate,hızlanmak
accent,aksan
acceptance,kabul
accessible,erişilebilir
accidentally,kazara
accommodate,Karşılamak
accomplish,sonuçlandırmak
accomplishment,başarı
accordance,uygunluk
accordingly,buna göre
accountability,Hesap verebilirlik
accountable,sorumlu
accountant,muhasebeci
accounting,muhasebe
accumulate,biriktirmek
accumulation,birikim
accuracy,kesinlik
accurately,tam olarak
accusation,suçlama
accused,sanık
acid,asit
acquisition,kazanma
acre,dönüm
activate,etkinleştirmek
activation,aktivasyon
activist,aktivist
acute,akut
adaptation,uyarlama
addiction,bağımlılık
additionally,bunlara ek olarak
adequate,yeterli
adequately,yeterince
adhere,uymak
adjacent,bitişik
adjust,ayarlamak
adjustment,ayarlama
administer,idare etmek
administrative,Yönetim
administrator,yönetici
admission,giriş
adolescent,ergen
adoption,Benimseme
adverse,olumsuz
advocate,savunucu
aesthetic,estetik
affection,alaka
affordable,ekonomik
aftermath,sonradan
aggression,saldırı
agricultural,tarımsal
agriculture,tarım
aide,yardımcı olmak
aids,AIDS
albeit,Gerçi
alert,uyarı
alien,yabancı
align,hizalamak
alignment,uyuşma
alike,aynı
allegation,iddia
allege,iddia etmek
allegedly,iddiaya göre
alliance,ittifak
allocate,tahsis etmek
allocation,paylaştırma
allowance,ödenek
ally,müttefik
alongside,yanında
altogether,tamamen
aluminium,alüminyum
amateur,amatör
ambassador,büyükelçi
ambulance,ambulans
amend,değiştirmek
amendment,değişiklik
amid,ortasında
amusing,eğlenceli
analogy,benzetme
analyst,analist
ancestor,Ata
anchor,Çapa
angel,melek
animation,animasyon
annually,her yıl
anonymous,anonim
anticipate,beklemek
anxiety,endişe
apology,özür
apparatus,aparat
appealing,çekici
appetite,iştah
applaud,alkışlamak
applicable,uygulanabilir
applicant,başvuru sahibi
appoint,atamak
appreciation,takdir
appropriately,uygun olarak
arbitrary,keyfi
architectural,mimari
archive,Arşiv
arena,arena
arguably,tartışılır biçimde
arm,kol
array,sıralamak
arrow,ok
articulate,ifade
artwork,sanat eseri
ash,kül
aside,bir kenara
aspiration,istek
aspire,istemek
assassination,suikast
assault,saldırı
assemble,birleştirmek
assembly,toplantı
assert,iddia etmek
assertion,iddia
asset,varlık
assign,atamak
assistance,yardım
assumption,varsayım
assurance,güvence
assure,garanti etmek
astonishing,şaşırtıcı
asylum,iltica
atrocity,vahşet
attachment,EK
attain,elde etmek
attendance,katılma
attorney,avukat
attribute,bağlanmak
auction,açık arttırma
audio,ses
audit,denetim
authentic,otantik
authorize,yetki vermek
auto,Oto
automatic,otomatik
automatically,otomatik olarak
autonomy,özerklik
availability,kullanılabilirlik
await,beklemek
awareness,farkındalık
awkward,garip
backdrop,zemin
backing,destek
backup,destek olmak
badge,rozet
bail,kefalet
balanced,dengeli
ballet,bale
balloon,balon
ballot,oy pusulası
banner,afiş
bare,çıplak
barely,neredeyse
bargain,pazarlık
barrel,varil
basement,bodrum
basket,sepet
bass,bas
bat,yarasa
battlefield,savaş alanı
bay,koy
beam,kiriş
beast,canavar
behalf,adına
beloved,sevgili
bench,Bank
benchmark,kalite testi
beneath,altında
beneficial,yararlı
beneficiary,yararlanıcı
beside,yanında
besides,Ayrıca
betray,ihanet etmek
bias,ön yargı
bid,teklif etmek
bind,bağlanmak
biography,biyografi
biological,biyolojik
bishop,piskopos
bizarre,tuhaf
blade,bıçak ağzı
blanket,battaniye
blast,büyük patlama
bleed,kanama
blend,karışım
bless,kutsamak
blessing,nimet
blow,üflemek
boast,övünme
bold,gözü pek
bombing,bombalama
bonus,bonus
booking,rezervasyon
boom,Boom
boost,artırmak
bounce,sıçrama
bound,ciltli
boundary,sınır
bow,yay
breach,çiğneme
breakdown,bozulma
breakthrough,atılım
breed,yavrulamak
brick,tuğla
briefly,kısaca
broadband,geniş bant
broadcaster,yayıncı
broadly,genel olarak
browser,tarayıcı
brutal,vahşi
buck,bükmek
buddy,ahbap
buffer,tampon
bug,böcek
bulk,toplu
burden,yük
bureaucracy,bürokrasi
burial,gömme
burst,patlamak
baby,Bebek
back,geri
background,arka plan
backwards,geriye doğru
bacteria,bakteriler
bad,kötü
badly,kötü
bag,çanta
bake,pişmek
balance,denge
ball,top
ban,yasaklamak
banana,muz
band,bant
bank,banka
bar,çubuk
barrier,engel
base,temel
baseball,beyzbol
based,temelli
basic,temel
basically,temel olarak
basis,temel
basketball,Basketbol
bath,banyo
bathroom,banyo
battery,pil
battle,savaş
be,olmak
beach,sahil
bean,fasulye
bear,ayı
beat,vurmak
beautiful,Güzel
beauty,güzellik
because,Çünkü
become,haline gelmek
bed,yatak
bedroom,yatak odası
bee,bal arısı
beef,biftek
beer,bira
before,önce
beg,dilenmek
begin,başlamak
beginning,başlangıç
behave,davranmak
behaviour,davranış
behind,arka
being,yapı
belief,inanç
believe,inanmak
bell,zil
belong,ait olmak
below,altında
belt,kemer
bend,bükülmek
benefit,fayda
bent,kıvrılmış
best,en iyi
bet,bahis
better,daha iyi
between,arasında
beyond,öte
bicycle,bisiklet
big,büyük
bike,bisiklet
bill,fatura
billion,milyar
bin,çöp Kutusu
biology,Biyoloji
bird,kuş
birth,doğum
birthday,doğum günü
biscuit,bisküvi
bit,biraz
bite,ısırmak
bitter,acı
black,siyah
blame,suçlamak
blank,boşluk
blind,kör
block,engellemek
blog,Blog
blonde,sarışın
blood,kan
blow,üflemek
blue,mavi
board,pano
boat,bot
body,vücut
boil,kaynamak
bomb,bomba
bond,bağlamak
bone,kemik
book,kitap
boot,bot
border,sınır
bored,sıkılmış
boring,sıkıcı
born,doğmak
borrow,borç almak
boss,patron
both,ikisi birden
bother,rahatsız etmek
bottle,şişe
bottom,alt
bowl,tas
box,kutu
boy,erkek çocuk
boyfriend,erkek arkadaş
brain,beyin
branch,dal
brand,marka
brave,cesur
bread,ekmek
break,kırmak
breakfast,kahvaltı
breast,göğüs
breath,nefes
breathe,nefes almak
breathing,nefes alma
bride,gelin
bridge,köprü
brief,kısa bilgi
bright,parlak
brilliant,muhteşem
bring,getirmek
broad,kalın
broadcast,yayın
broken,kırık
brother,Erkek kardeş
brown,kahverengi
brush,fırçalamak
bubble,kabarcık
budget,bütçe
build,inşa etmek
building,bina
bullet,mermi
bunch,demet
burn,yakmak
bury,gömmek
bus,otobüs
bush,çalı
business,işletme
businessman,işadamı
busy,Meşgul
but,Ancak
butter,tereyağı
button,düğme
buy,satın almak
by,ile
bye,Hoşçakal
cabin,kabin
cabinet,kabine
calculation,hesaplama
canal,kanal
candle,mum
canvas,tuval
capability,kabiliyet
capitalism,kapitalizm
capitalist,kapitalist
carbon,karbon
cargo,kargo
carriage,taşıma
carve,oymak
casino,kumarhane
casual,gündelik
casualty,yaralı
catalogue,katalog
cater,hitap etmek
cattle,sığırlar
caution,Dikkat
cautious,dikkatli
cave,mağara
cease,durdurmak
cemetery,mezarlık
certainty,kesinlik
certificate,sertifika
challenging,zorlu
chamber,bölme
championship,şampiyonluk
chaos,kaos
characterize,karakterize etmek
charm,cazibe
charming,alımlı
charter,tüzük
chase,takip etmek
cheek,yanak
cheer,tezahürat etmek
choir,koro
chop,kesmek
chronic,kronik
chunk,yastık
circuit,devre
circulate,dolaşmak
circulation,tiraj
citizenship,vatandaşlık
civic,sivil
civilian,sivil
civilization,medeniyet
clarify,açıklamak
clarity,açıklık
clash,çarpışma
classification,sınıflandırma
classify,sınıflandırmak
cleaning,temizlik
clerk,memur
cliff,uçurum
cling,yapışan
clinic,klinik
clinical,klinik
clip,klips
closure,kapanma
cluster,küme
coalition,koalisyon
coastal,kıyı
cocktail,kokteyl
cognitive,bilişsel
coincide,çakmak
coincidence,tesadüf
collaborate,işbirliği yapmak
collaboration,işbirliği
collective,toplu
collector,kolektör
collision,çarpışma
colonial,sömürgeci
colony,koloni
colourful,renkli
columnist,köşe yazarı
combat,savaşmak
comic,çizgi roman
commander,komutan
commence,başlamak
commentary,yorum
commentator,yorumcu
commerce,ticaret
commissioner,komiser
commodity,emtia
communist,komünist
companion,Arkadaş
comparable,karşılaştırılabilir
comparative,karşılaştırmalı
compassion,merhamet
compel,zorlamak
compelling,zorlayıcı
compensate,tazmin etmek
compensation,tazminat
competence,yeterlik
competent,yetkili
compile,derlemek
complement,Tamamlayıcı
completion,tamamlama
complexity,karmaşıklık
compliance,uyma
complication,komplikasyon
comply,uymak
compose,bestelemek
composer,besteci
composition,kompozisyon
compound,birleştirmek
comprehensive,kapsayıcı
comprise,içermek
compromise,anlaşmak
compulsory,zorunlu
compute,hesaplamak
conceal,gizlemek
concede,kabul etmek
conceive,gebe kalmak
conception,gebe kalma
concession,taviz
concrete,beton
condemn,kınamak
confer,vermek
confess,itiraf etmek
confession,itiraf
configuration,konfigürasyon
confine,sınırlamak
confirmation,Onayla
confront,karşısına çıkmak
confrontation,yüzleşme
confusion,"bilinç bulanıklığı, konfüzyon"
congratulate,tebrik etmek
congregation,cemaat
congressional,kongre
conquer,fethetmek
conscience,vicdan
consciousness,bilinç
consecutive,ardışık
consensus,uzlaşma
consent,onay
consequently,sonuç olarak
conservation,koruma
conserve,korumak
considerable,hatırı sayılır
considerably,önemli ölçüde
consistency,tutarlılık
consistently,sürekli
consolidate,birleştirmek
conspiracy,komplo
constituency,seçim bölgesi
constitute,oluşturmak
constitution,anayasa
constitutional,anayasal
constraint,kısıtlama
consult,danışmak
consultant,danışman
consultation,danışma
consumption,tüketim
contemplate,düşünmek
contempt,hor görme
contend,itiraz etmek
contender,yarışmacı
content,içerik
contention,çekişme
continually,sürekli olarak
contractor,müteahhit
contradiction,çelişki
contrary,zıt
contributor,katkıda bulunan kimse
controversial,tartışmalı
controversy,tartışma
convenience,kolaylık
convention,ortak düşünce
conventional,geleneksel
conversion,dönüştürmek
convey,iletmek
convict,mahkum etmek
conviction,mahkumiyet
convincing,inandırıcı
cooperate,işbirliği yapmak
cooperative,işbirliği ile ilgili
coordinate,koordinat
coordination,Koordinasyon
coordinator,koordinatör
cop,polis
cope,başa çıkmak
copper,bakır
copyright,telif hakkı
corporation,şirket
correction,düzeltme
correlate,korelasyon
correlation,korelasyon
correspond,karşılık
correspondence,yazışma
correspondent,muhabir
corresponding,karşılıklı
corridor,koridor
corrupt,yozlaşmış
corruption,yolsuzluk
costly,pahalı
councillor,meclis üyesi
counselling,danışmanlık
counsellor,danışman
counter,tezgah
counterpart,karşılık
countless,sayısız
coup,darbe
courtesy,nezaket
coverage,kapsama alanı
crack,çatırtı
craft,zanaat
crawl,sürünmek
creativity,yaratıcılık
creator,yaratıcı
credibility,güvenilirlik
credible,güvenilir
creep,sürünme
critically,eleştirel olarak
critique,eleştiri
crown,taç
crude,ham
cruise,dolaşmak
crush,ezmek
crystal,kristal
cue,isteka
cult,kült
cultivate,yetiştirmek
curiosity,merak
curious,meraklı
curriculum,Müfredat
custody,velayet
cute,Sevimli
cutting,kesme
cynical,alaycı
cable,kablo
cafe,kafe
cake,kek
calculate,hesaplamak
call,Arama
calm,sakinlik
camera,kamera
camp,kamp
campaign,kampanya
camping,kamp yapmak
campus,yerleşke
can,olabilmek
cancel,iptal etmek
cancer,kanser
candidate,aday
cannot,yapamamak
cap,kapak
capable,yetenekli
capacity,kapasite
capital,başkent
captain,Kaptan
capture,esir almak
car,araba
card,kart
care,bakım
career,kariyer
careful,dikkatli olmak
carefully,dikkatlice
careless,dikkatsiz
carpet,halı
carrot,havuç
carry,taşımak
cartoon,karikatür
case,dava
cash,peşin
cast,döküm
castle,kale
cat,kedi
catch,yakalamak
category,kategori
cause,neden
cd,CD
ceiling,tavan
celebrate,kutlamak
celebration,kutlama
celebrity,ünlü
cell,hücre
cent,yüzyıl
central,merkezi
centre,merkez
century,yüzyıl
ceremony,tören
certain,kesin
certainly,kesinlikle
chain,zincir
chair,sandalye
chairman,başkan
challenge,meydan okumak
champion,şampiyon
chance,şans
change,değiştirmek
channel,kanal
chapter,bölüm
character,karakter
characteristic,karakteristik
charge,şarj
charity,hayır kurumu
chart,çizelge
chat,sohbet
cheap,ucuz
cheat,aldatmak
check,kontrol etmek
cheerful,neşeli
cheese,peynir
chef,şef
chemical,kimyasal
chemistry,kimya
chest,göğüs
chicken,tavuk
chief,şef
child,çocuk
childhood,çocukluk
chip,yonga
chocolate,çikolata
choice,seçenek
choose,seçmek
church,kilise
cigarette,sigara
cinema,sinema
circle,daire
circumstance,durum
cite,anmak
citizen,vatandaş
city,şehir
civil,sivil
claim,iddia
class,sınıf
classic,klasik
classical,klasik
classroom,sınıf
clause,maddi
clean,temiz
clear,temizlemek
clearly,Açıkça
clever,akıllı
click,tıklamak
client,müşteri
climate,iklim
climb,tırmanmak
clock,saat
close,kapalı
closed,kapalı
closely,yakından
cloth,bez
clothes,kıyafetler
clothing,Giyim
cloud,bulut
club,kulüp
clue,ipucu
coach,koç
coal,kömür
coast,sahil
coat,kaban
code,kodlamak
coffee,Kahve
coin,madeni para
cold,soğuk
collapse,yıkılmak
colleague,iş arkadaşı
collect,TOPLAMAK
collection,Toplamak
college,kolej
colour,renk
coloured,renkli
column,kolon
combination,kombinasyon
combine,birleştirmek
come,Gelmek
comedy,komedi
comfort,konfor
comfortable,rahat
command,emretmek
comment,Yorum
commercial,reklam
commission,komisyon
commit,işlemek
commitment,bağlılık
committee,Kurul
common,yaygın
commonly,yaygın olarak
communicate,iletişim
communication,iletişim
community,toplum
company,şirket
compare,karşılaştırmak
comparison,karşılaştırmak
compete,rekabet etmek
competition,yarışma
competitive,rekabetçi
competitor,yarışmacı
complain,şikayet etmek
complaint,şikayet
complete,tamamlamak
completely,tamamen
complex,karmaşık
complicated,karmaşık
component,bileşen
computer,bilgisayar
concentrate,yoğunlaşmak
concentration,konsantrasyon
concept,kavram
concern,kaygı
concerned,endişeli
concert,konser
conclude,sonuçlandırmak
conclusion,çözüm
condition,durum
conduct,yönetmek
conference,konferans
confidence,kendinden emin
confident,kendinden emin
confirm,onaylamak
conflict,anlaşmazlık
confuse,kafası karışmak
confused,kafası karışmış
confusing,kafa karıştırıcı
connect,bağlamak
connected,bağlı
connection,bağlantı
conscious,bilinçli
consequence,sonuçlar
conservative,tutucu
consider,dikkate almak
consideration,düşünce
consist,meydana gelmek
consistent,tutarlı
constant,devamlı
constantly,sürekli
construct,yapmak
construction,yapı
consume,tüketmek
consumer,tüketici
contact,temas etmek
contain,içermek
container,konteyner
contemporary,modern
content,içerik
contest,yarışma
context,bağlam
continent,kıta
continue,devam etmek
continuous,sürekli
contract,sözleşme
contrast,zıtlık
contribute,katkı yapmak
contribution,katkı
control,kontrol
convenient,uygun
conversation,konuşma
convert,dönüştürmek
convince,ikna etmek
convinced,ikna edilmiş
cook,aşçı
cooker,Ocak
cooking,yemek pişirmek
cool,Serin
copy,kopya
core,çekirdek
corner,köşe
corporate,Kurumsal
correct,doğru
correctly,doğru şekilde
cost,maliyet
costume,kostüm
cottage,kır evi
cotton,pamuk
could,abilir
council,konsey
count,saymak
country,ülke
countryside,kırsal kesim
county,ilçe
couple,çift
courage,cesaret
course,kurs
court,mahkeme
cousin,kuzen
cover,kapak
covered,kapalı
cow,inek
crash,kaza
crazy,deli
cream,krem
create,yaratmak
creation,yaratma
creative,yaratıcı
creature,yaratık
credit,kredi
crew,mürettebat
crime,suç
criminal,adli
crisis,kriz
criterion,kriter
critic,eleştirmen
critical,eleştirel
criticism,eleştiri
criticize,eleştirmek
crop,mahsul
cross,geçmek
crowd,kalabalık
crowded,kalabalık
crucial,hayati
cruel,acımasız
cry,ağlamak
cultural,kültürel
culture,kültür
cup,bardak
cupboard,büfe
cure,tedavi
curly,kıvırcık
currency,para birimi
current,akım
currently,şu anda
curtain,perde
curve,eğri
curved,kavisli
custom,gelenek
customer,müşteri
cut,kesmek
cycle,döngü
dairy,günlük
dam,baraj
damaging,zararlı
dare,cesaret etmek
darkness,karanlık
database,veri tabanı
dawn,şafak
deadline,son teslim tarihi
deadly,ölümcül
dealer,satıcı
debris,enkaz
debut,çıkış
decision-making,karar verme
decisive,kararlı
deck,güverte
declaration,beyanname
dedicated,özel
dedication,adanmışlık
deed,tapu
deem,kabul etmek
default,varsayılan
defect,kusur
defender,savunmacı
defensive,savunmacı
deficiency,eksiklik
deficit,açıklık
defy,meydan okumak
delegate,temsilci
delegation,delegasyon
delete,silmek
delicate,narin
democracy,demokrasi
democratic,demokratik
demon,iblis
demonstration,gösteri
denial,inkar
denounce,kınamak
dense,yoğun
density,yoğunluk
depart,ayrılmak
dependence,bağımlılık
dependent,bağımlı
depict,göstermek
deploy,dağıtmak
deployment,dağıtım
deposit,Depozito
depression,depresyon
deprive,mahrum etmek
deputy,milletvekili
derive,türetmek
descend,inmek
descent,iniş
designate,Tayin etmek
desirable,istenen
desktop,masaüstü
desperately,umutsuzca
destruction,yıkım
destructive,yıkıcı
detain,gözaltına almak
detection,tespit etme
detention,alıkoyma
deteriorate,bozulmak
determination,kararlılık
devastate,harap etmek
devil,şeytan
devise,tasarlamak
devote,adamak
diagnose,teşhis koymak
diagnosis,Teşhis
dictate,dikte
dictator,diktatör
differ,farklılık
differentiate,ayırt etmek
dignity,itibar
dilemma,ikilem
dimension,boyut
diminish,azaltmak
dip,dalmak
diplomat,diplomat
diplomatic,diplomatik
directory,dizin
disability,sakatlık
disabled,engelli
disagreement,anlaşmazlık
disappoint,hayal kırıklığına uğratmak
disappointment,hayal kırıklığı
disastrous,felaket
discard,atmak
discharge,deşarj
disclose,ifşa etmek
disclosure,açıklama
discourage,vazgeçirmek
discourse,söylem
discretion,takdir
discrimination,ayrımcılık
dismissal,işten çıkarılma
disorder,düzensizlik
displace,yerinden çıkarmak
disposal,imha etmek
dispose,elden çıkarmak
dispute,anlaşmazlık
disrupt,bozmak
disruption,bozulma
dissolve,çözmek
distant,mesafe
distinct,belirgin
distinction,ayrım
distinctive,ayırt edici
distinguish,ayırt etmek
distort,çarpıtmak
distract,dikkatini dağıtmak
distress,sıkıntı
disturb,rahatsız etmek
disturbing,rahatsız edici
dive,dalmak
diverse,türlü
diversity,çeşitlilik
divert,yönlendirmek
divine,ilahi
divorce,boşanmak
doctrine,doktrin
documentation,belgeler
domain,ihtisas
dominance,hakimiyet
dominant,baskın
donation,bağış
donor,donör
dose,doz
dot,nokta
downtown,şehir merkezi
drain,boşaltmak
dramatically,dramatik bir şekilde
drift,sürüklenme
driving,sürme
drought,kuraklık
drown,bastırmak
dual,çift
dub,dublaj
dull,sıkıcı
dumb,sersem
dump,çöplük
duo,ikili
duration,süre
dynamic,dinamik
dad,baba
daily,günlük
damage,zarar
dance,dans
dancer,dansçı
dancing,dans
danger,tehlike
dangerous,tehlikeli
dark,karanlık
data,veri
date,tarih
daughter,kız çocuğu
day,gün
dead,ölü
deal,anlaşmak
dear,Sayın
death,ölüm
debate,çekişme
debt,borç
decade,on yıl
december,Aralık
decent,düzgün
decide,karar vermek
decision,karar
declare,ilan etmek
decline,reddetmek
decorate,süslemek
decoration,dekorasyon
decrease,azaltmak
deep,derin
deeply,derinlemesine
defeat,yenmek
defence,savunma
defend,savunmak
define,tanımlamak
definite,kesin
definitely,kesinlikle
definition,tanım
degree,derece
delay,gecikme
deliberate,"kasten, kasıtlı, planlı"
deliberately,kasten
delicious,lezzetli
delight,zevk
delighted,memnun
deliver,teslim etmek
delivery,teslimat
demand,talep etmek
demonstrate,göstermek
dentist,dişçi
deny,reddetmek
department,departman
departure,kalkış
depend,bağlı olmak
depressed,bunalımlı
depressing,iç karartıcı
depth,derinlik
describe,betimlemek
description,Tanım
desert,çöl
deserve,hak etmek
design,tasarım
designer,tasarımcı
desire,arzu
desk,çalışma masası
desperate,çaresiz
despite,aksine
destination,varış noktası
destroy,tahrip etmek
detail,detay
detailed,detaylı
detect,tespit etmek
detective,dedektif
determine,belirlemek
determined,azimli
develop,geliştirmek
development,gelişim
device,cihaz
diagram,diyagram
dialogue,diyalog
diamond,elmas
diary,günlük
dictionary,sözlük
die,ölmek
diet,diyet
difference,fark
different,farklı
differently,farklı
difficult,zor
difficulty,zorluk
dig,kazmak
digital,dijital
dinner,akşam yemeği
direct,yönlendirmek
direction,yön
directly,direkt olarak
director,müdür
dirt,kir
dirty,kirli
disadvantage,dezavantaj
disagree,aynı fikirde olmamak
disappear,yok olmak
disappointed,hayal kırıklığına uğramış
disappointing,hayal kırıklığı yaratan
disaster,felaket
disc,disk
discipline,disiplin
discount,indirim
discover,keşfetmek
discovery,keşif
discuss,tartışmak
discussion,tartışma
disease,hastalık
dish,tabak
dishonest,sahtekâr
dislike,Beğenmemek
dismiss,azletmek
display,görüntülemek
distance,mesafe
distribute,dağıtmak
distribution,dağıtım
district,semt
divide,bölmek
division,bölüm
divorced,boşanmış
do,Yapmak
doctor,doktor
document,belge
documentary,belgesel
dog,köpek
dollar,dolar
domestic,yerel
dominate,hakim olmak
donate,bağış yapmak
door,kapı
double,çift
doubt,şüphe
down,aşağı
download,indirmek
downstairs,alt kat
downwards,aşağı doğru
dozen,düzine
draft,taslak
drag,sürüklemek
drama,drama
dramatic,dramatik
draw,çizmek
drawing,çizim
dream,rüya
dress,elbise
dressed,giyinmiş
drink,içmek
drive,sürmek
driver,şoför
driving,sürme
drop,düşürmek
drug,ilaç
drum,davul
drunk,sarhoş
dry,kuru
due,vadesi dolmuş
during,sırasında
dust,toz
duty,görev
dvd,DVD
eager,istekli
earnings,kazanç
ease,kolaylaştırmak
echo,Eko
ecological,ekolojik
economics,ekonomi
economist,iktisatçı
editorial,başyazı
educator,eğitimci
effectiveness,verimlilik
efficiency,yeterlik
efficiently,verimli bir şekilde
ego,benlik
elaborate,detaylandırmak
elbow,dirsek
electoral,seçim
electronics,elektronik
elegant,zarif
elementary,temel
elevate,yükseltmek
eligible,hak sahibi
eliminate,elemek
elite,seçkinler
embark,başlatmak
embarrassment,utanç
embassy,elçilik
embed,Göm
embody,somutlaştırmak
embrace,kucaklamak
emergence,ortaya çıkma
emission,emisyon
emotionally,duygusal olarak
empire,imparatorluk
empirical,ampirik
empower,güçlendirmek
enact,sahnelemek
encompass,kapsamak
encouragement,cesaret
encouraging,teşvik edici
endeavour,çaba
endless,sonsuz
endorse,onaylamak
endorsement,onay
endure,dayanmak
enforce,zorlamak
enforcement,uygulama
engagement,nişanlanmak
engaging,ilgi çekici
enjoyable,eğlenceli
enquire,sormak
enrich,zenginleştirmek
enrol,kaydetmek
ensue,ortaya çıkmak
enterprise,girişim
entertaining,eğlenceli
enthusiast,meraklı
entitle,hak kazanmak
entity,varlık
entrepreneur,girişimci
envelope,mektup
epidemic,epidemi
equality,eşitlik
equation,denklem
equip,donatmak
equivalent,eş değer
era,dönem
erect,dik
erupt,patlak vermek
escalate,tırmanmak
essence,öz
essentially,esasen
establishment,kuruluş
eternal,sonsuz
ethic,etik
ethnic,etnik
evacuate,tahliye ediyorum
evaluation,değerlendirme
evident,belirgin
evoke,uyandırmak
evolution,evrim
evolutionary,evrimsel
evolve,evrim geçirmek
exaggerate,abartmak
exceed,aşmak
excellence,mükemmellik
exception,istisna
exceptional,olağanüstü
excess,aşırı
excessive,aşırı
exclude,hariç tutmak
exclusion,hariç tutma
exclusive,özel
exclusively,münhasıran
execute,uygulamak
execution,uygulamak
exert,zorlamak
exhibit,sergilemek
exile,sürgün
exit,çıkış
exotic,acayip
expansion,genleşme
expenditure,harcama
experimental,deneysel
expertise,Uzmanlık
expire,süresi dolmak
explicit,açık
explicitly,açıkça
exploit,faydalanmak
exploitation,sömürme
explosive,patlayıcı
exposure,maruziyet
extension,eklenti
extensive,yaygın
extensively,kapsamlı bir şekilde
extract,çıkarmak
extremist,aşırı
each,her biri
ear,kulak
early,erken
earn,para kazanmak
earth,toprak
earthquake,deprem
easily,kolayca
east,doğu
eastern,doğu
easy,kolay
eat,yemek yemek
economic,ekonomik
economy,ekonomi
edge,kenar
edit,düzenlemek
edition,baskı
editor,editör
educate,Eğitim vermek
educated,eğitimli
education,eğitim
educational,eğitici
effect,etki
effective,etkili
effectively,etkili bir şekilde
efficient,verimli
effort,çaba
egg,Yumurta
eight,sekiz
eighteen,on sekiz
eighty,seksen
either,herhangi biri
elderly,yaşlı
elect,seçmek
election,seçim
electric,elektrik
electrical,elektriksel
electricity,elektrik
electronic,elektronik
element,element
elephant,fil
eleven,on bir
else,başka
elsewhere,başka yerlerde
email,e -posta
embarrassed,utanmış
embarrassing,utandırıcı
emerge,meydana gelmek
emergency,acil durum
emotion,duygu
emotional,duygusal
emphasis,vurgu
emphasize,vurgu
employ,kullanmak
employee,çalışan
employer,iş veren
employment,iş
empty,boş
enable,olanak vermek
encounter,rastlamak
encourage,cesaretlendirmek
end,son
ending,bitirme
enemy,düşman
energy,enerji
engage,angaje etmek
engaged,nişanlı
engine,motor
engineer,mühendis
engineering,mühendislik
enhance,genişletmek
enjoy,Eğlence
enormous,kocaman
enough,yeterli
enquiry,sorgu
ensure,emin olmak
enter,girmek
entertain,eğlendirmek
entertainment,eğlence
enthusiasm,heves
enthusiastic,hevesli
entire,bütün
entirely,Baştan sona
entrance,giriş
entry,giriş
environment,çevre
environmental,çevre
episode,bölüm
equal,eşit
equally,eşit derecede
equipment,teçhizat
error,hata
escape,kaçmak
especially,özellikle
essay,makale
essential,gerekli
establish,kurmak
estate,arazi
estimate,tahmin etmek
ethical,etik
euro,euro
evaluate,değerlendirmek
even,eşit
evening,akşam
event,etkinlik
eventually,sonunda
ever,durmadan
every,Her
everybody,herkes
everyday,Her gün
everyone,herkes
everything,her şey
everywhere,her yer
evidence,kanıt
evil,fenalık
exact,bire bir aynı
exactly,Kesinlikle
exam,sınav
examination,muayene
examine,incelemek
example,örnek
excellent,harika
except,hariç
exchange,değişme
excited,heyecanlı
excitement,heyecanlanmak
exciting,heyecan verici
excuse,mazeret
executive,yönetici
exercise,egzersiz yapmak
exhibition,sergi
exist,var olmak
existence,varoluş
expand,genişletmek
expect,beklemek
expectation,beklenti
expected,beklenen
expedition,sefer
expense,masraf
expensive,masraflı
experience,deneyim
experienced,Tecrübeli
experiment,deney
expert,uzman
explain,açıklamak
explanation,açıklama
explode,patlamak
exploration,keşif
explore,keşfetmek
explosion,patlama
export,ihracat
expose,ortaya çıkarmak
express,ifade etmek
expression,ifade
extend,uzatmak
extent,kapsam
external,harici
extra,ekstra
extraordinary,olağanüstü
extreme,aşırı
extremely,aşırı boyutta
eye,göz
fabric,kumaş
fabulous,efsanevi
facilitate,kolaylaştırmak
faction,hizip
faculty,Fakülte
fade,solmak
failed,arızalı
fairness,adillik
fake,sahte
fame,şöhret
fantasy,fantezi
fare,Ücret
fatal,ölümcül
fate,kader
favourable,elverişli
feat,başarı
federal,federal
feeding,besleme
feminist,feminist
fever,ateş
fibre,lif
fierce,şiddetli
film-maker,film yapımcısı
filter,filtre
fine,iyi
firearm,ateşli silah
firefighter,itfaiyeci
firework,havai fişek
firm,firma
firmly,sıkıca
fit,yerleştirmek
fixture,Fikstür
flavour,lezzet
flaw,kusur
flawed,kusurlu
flee,kaçmak
fleet,filo
flesh,beden
flexibility,esneklik
flourish,güzelleşmek
fluid,sıvı
fond,düşkün
fool,aptal
footage,kamera görüntüsü
forbid,yasaklamak
forecast,tahmin etmek
foreigner,yabancı
forge,dövmek
format,biçim
formation,oluşum
formerly,vakti zamanında
formula,formül
formulate,formüle etmek
forth,ileri
forthcoming,Yaklaşan
fortunate,şanslı
forum,forum
fossil,fosil
foster,bakmak
foundation,temel
founder,kurucu
fraction,fraksiyon
fragile,kırılgan
fragment,parça
framework,çerçeve
franchise,franchise
frankly,açıkçası
fraud,sahtekar
freely,serbestçe
frequent,sık
frustrated,hüsrana uğramış
frustrating,sinir bozucu
frustration,hüsran
fulfil,yerine getirmek
full-time,tam zamanlı
functional,işlevsel
fundamentally,temelde
fundraising,Bağış
funeral,cenaze
furious,çok öfkeli
face,yüz
facility,tesis
fact,hakikat
factor,faktör
factory,fabrika
fail,hata
failure,arıza
fair,adil
fairly,adil bir şekilde
faith,inanç
fall,düşmek
FALSE,YANLIŞ
familiar,aşina
family,aile
famous,ünlü
fan,fan
fancy,süslü
fantastic,fantastik
far,uzak
farm,çiftlik
farmer,çiftçi
farming,çiftçilik
fascinating,büyüleyici
fashion,moda
fashionable,moda
fast,hızlı
fasten,sabitlemek
fat,yağ
father,baba
fault,arıza
favour,iyilik
favourite,favori
fear,korku
feather,tüy
feature,özellik
february,Şubat
fee,ücret
feed,beslemek
feedback,geri bildirim
feel,hissetmek
feeling,his
fellow,aynı tür
female,dişi
fence,çit
festival,Festival
few,bir kaç
fiction,kurgu
field,alan
fifteen,onbeş
fifth,beşinci
fifty,elli
fight,kavga
fighting,savaş
figure,figür
file,dosya
fill,doldurmak
film,film
final,son
finally,Sonunda
finance,finans
financial,parasal
find,bulmak
finding,bulma
fine,iyi
finger,parmak
finish,sona ermek
fire,ateş
firm,firma
first,Birinci
firstly,İlk önce
fish,balık
fishing,Balık tutma
fit,yerleştirmek
fitness,Fitness
five,beş
fix,düzeltmek
fixed,sabit
flag,bayrak
flame,alev
flash,flaş
flat,düz
flexible,esnek
flight,uçuş
float,batmadan yüzmek
flood,sel basmak
floor,zemin
flour,un
flow,akış
flower,çiçek
flu,nezle
fly,uçmak
flying,uçan
focus,odak
fold,katlamak
folding,katlanır
folk,halk
follow,takip etmek
following,takip etme
food,yiyecek
foot,ayak
football,Futbol
for,için
force,güç
foreign,yabancı
forest,orman
forever,sonsuza kadar
forget,unutmak
forgive,affetmek
fork,çatal
form,biçim
formal,resmi
former,önceki
fortunately,neyse ki
fortune,talih
forty,kırk
forward,ileri
found,kurmak
four,dört
fourteen,on dört
fourth,dördüncü
frame,çerçeve
free,özgür
freedom,özgürlük
freeze,donmak
frequency,sıklık
frequently,sıklıkla
fresh,taze
friday,cuma
fridge,buzdolabı
friend,arkadaş
friendly,arkadaşça
friendship,dostluk
frighten,korkutmak
frightened,korkmuş
frightening,korkutucu
frog,kurbağa
from,itibaren
front,ön
frozen,dondurulmuş
fruit,meyve
fry,yağda kızartmak
fuel,yakıt
full,tam dolu
fully,tamamen
fun,eğlence
function,işlev
fund,"fon, sermaye"
fundamental,esas
funding,finansman
funny,eğlenceli
fur,kürk
furniture,mobilya
further,daha öte
furthermore,üstelik
future,gelecek
gallon,galon
gambling,kumar
gaming,oyun
gathering,toplama
gay,eşcinsel
gaze,bakış
gear,vites
gender,cinsiyet
gene,gen
generic,genel
genetic,genetik
genius,dahi
genocide,soykırım
genuine,eşsiz
genuinely,gerçekten
gesture,jest yapmak
gig,konser vermek
glance,bakış atmak
glimpse,göz atmak
globalization,küreselleşme
globe,kürek
glorious,görkemli
glory,görkem
golden,altın
goodness,iyilik
gorgeous,muhteşem
governance,Yönetim
governor,Vali
grace,lütuf
graphic,grafik
graphics,grafikler
grasp,sıkı sıkı tutmak
grave,mezar
gravity,yer çekimi
greatly,büyük ölçüde
greenhouse,sera
grid,Kafes
grief,yas
grin,sırıtış
grind,öğütmek
grip,kavramak
grocery,bakkal
guerrilla,gerilla
guidance,rehberlik
guideline,yönerge
guilt,suç
gut,bağırsak
gain,kazanmak
gallery,galeri
game,oyun
gang,çete
gap,açıklık
garage,garaj
garden,bahçe
gas,gaz
gate,geçit
gather,toplamak
general,genel
generally,genel olarak
generate,üretmek
generation,nesil
generous,cömert
genre,tür
gentle,nazik
gentleman,beyefendi
geography,coğrafya
get,elde etmek
ghost,hayalet
giant,devasa
gift,hediye
girl,kız
girlfriend,kız arkadaşı
give,vermek
glad,memnun
glass,bardak
global,küresel
glove,eldiven
go,Gitmek
goal,amaç
god,Tanrı
gold,altın
golf,golf
good,iyi
goodbye,Güle güle
goods,mal
govern,yönetme
government,devlet
grab,yakalamak
grade,seviye
gradually,gitgide
graduate,mezun olmak
grain,tahıl
grand,büyük
grandfather,Büyük baba
grandmother,Nene
grandparent,büyükanne ve büyükbaba
grant,hibe etmek
grass,çimen
grateful,minnettar
great,Harika
green,yeşil
greet,selamlaşmak
grey,gri
ground,zemin
group,grup
grow,büyümek
growth,büyüme
guarantee,garanti
guard,koruma
guess,tahmin etmek
guest,misafir
guide,rehber
guilty,suçlu
guitar,gitar
gun,silah
guy,adam
gym,spor salonu
habitat,doğal ortam
hail,dolu
halfway,yarıya kadar
halt,durma
handful,avuç
handling,işleme
handy,kullanışlı
harassment,taciz
harbour,liman
hardware,donanım
harmony,uyum
harsh,sert
harvest,hasat
hatred,kin
haunt,uğrak
hazard,tehlike
headquarters,Merkez
heal,iyileştirmek
healthcare,sağlık hizmeti
heighten,yükseltmek
helmet,kask
hence,buradan
herb,bitki
heritage,miras
hidden,gizlenmiş
hierarchy,hiyerarşi
high-profile,yüksek profilli
highway,otoyol
hilarious,gülünç
hint,ipucu
hip,belki
historian,tarihçi
homeland,anavatan
homeless,evsiz
honesty,dürüstlük
hook,kanca
hopeful,umutlu
hopefully,umutla
horizon,ufuk
horn,korna
hostage,rehin
hostile,düşmanca
hostility,düşmanlık
humanitarian,insani
humanity,insanlık
humble,mütevazı
hunger,açlık
hydrogen,hidrojen
hypothesis,hipotez
habit,alışkanlık
hair,saç
half,yarım
hall,salon
hand,el
handle,halletmek
hang,asmak
happen,olmak
happily,mutlu bir şekilde
happiness,mutluluk
happy,mutlu
hard,zor
hardly,zorlu
harm,zarar
harmful,zararlı
hat,şapka
hate,nefret
have,sahip olmak
have to,zorunda
he,O
head,KAFA
headache,baş ağrısı
headline,başlık
health,sağlık
healthy,sağlıklı
hear,duymak
hearing,işitme
heart,kalp
heat,sıcaklık
heating,ısıtma
heaven,cennet
heavily,ağır şekilde
heavy,ağır
heel,topuk
height,yükseklik
helicopter,helikopter
hell,cehennem
hello,Merhaba
help,yardım
helpful,yardımsever
her,o
here,Burada
hero,kahraman
hers,onunki
herself,kendini
hesitate,tereddüt etmek
hey,Hey
hi,MERHABA
hide,saklamak
high,yüksek
highlight,vurgulamak
highly,büyük ölçüde
hill,tepe
him,o
himself,kendisi
hire,kiralamak
his,onun
historic,tarihi
historical,tarihi
history,tarih
hit,vurmak
hobby,hobi
hockey,hokey
hold,tutmak
hole,delik
holiday,tatil
hollow,oyuk
holy,kutsal
home,Ev
homework,Ev ödevi
honest,dürüst
honour,onur
hope,umut
horrible,berbat
horror,korku
horse,atış
hospital,hastane
host,ev sahibi
hot,sıcak
hotel,otel
hour,saat
house,ev
household,ev
housing,Konut
how,Nasıl
however,Yine de
huge,büyük
human,insan
humorous,"nükteli, komik"
humour,mizah
hundred,yüz
hungry,aç
hunt,avlamak
hunting,avcılık
hurricane,kasırga
hurry,acele etmek
hurt,acıtmak
husband,koca
icon,simge
identical,birebir aynı
identification,Tanılama
ideological,ideolojik
ideology,ideoloji
idiot,salak
ignorance,cehalet
illusion,yanılsama
imagery,görüntüler
immense,engin
immigration,göçmenlik
imminent,yakın
immune,bağışık
implement,uygulamak
implementation,uygulama
implication,ima
imprison,hapsetmek
imprisonment,hapis cezası
inability,yeteneksizlik
inadequate,yetersiz
inappropriate,uygunsuz
incentive,teşvik
incidence,insidans
inclined,eğimli
inclusion,dahil etme
incorporate,firma kurmak
incorrect,yanlış
incur,katlanmak
independence,bağımsızlık
index,indeks
indication,gösterge
indicator,gösterge
indictment,iddianame
indigenous,yerli
induce,indüklemek
indulge,şımartmak
inequality,eşitsizlik
inevitable,kaçınılmaz
infamous,rezil
infant,bebek
infect,enfekte etmek
infer,anlam çıkarmak
inflation,şişirme
inflict,zorlamak
influential,etkili
info,bilgi
infrastructure,altyapı
inhabitant,oturan
inherent,doğal
inherit,miras almak
inhibit,engellemek
initiate,başlatmak
inject,enjekte etmek
injection,enjeksiyon
injustice,adaletsizlik
ink,mürekkep
inmate,mahkum
innovation,yenilik
innovative,yenilikçi
input,giriş
insert,sokmak
insertion,ekleme
insider,içeriden
inspect,incelemek
inspection,denetleme
inspector,müfettiş
inspiration,esin
installation,kurulum
instant,ani
instantly,aniden
instinct,içgüdü
institutional,kurumsal
instruct,öğretmek
instrumental,enstrümantal
insufficient,yetersiz
insult,hakaret
intact,bozulmamış
intake,alım
integral,entegre
integrate,birleştirmek
integrated,Birleşik
integration,entegrasyon
integrity,bütünlük
intellectual,entelektüel
intensify,yoğunlaştırmak
intensity,yoğunluk
intensive,yoğun
intent,niyet
interact,etkileşime girmek
interaction,etkileşim
interactive,etkileşimli
interface,arayüz
interfere,müdahale etmek
interference,parazit yapmak
interim,ara
interior,iç mekan
intermediate,orta seviye
interpretation,tercüme
interval,aralık
intervene,araya girmek
intervention,araya girmek
intimate,samimi
intriguing,ilgi çekici
invade,istila etmek
invasion,istila
investigator,müfettiş
investor,yatırımcı
invisible,görünmez
invoke,çağırmak
involvement,tutulum
ironic,ironik
ironically,ironik bir şekilde
irony,ironi
irrelevant,alakasız
isolate,izole etmek
isolated,yalıtılmış
isolation,izolasyon
i,Ben
ice,buz
ice cream,dondurma
idea,fikir
ideal,ideal
identify,tanımlamak
identity,kimlik
if,eğer
ignore,görmezden gelmek
ill,hasta
illegal,yasadışı
illness,hastalık
illustrate,gözünde canlandırmak
illustration,gösterim
image,imaj
imaginary,hayali
imagination,hayal gücü
imagine,hayal etmek
immediate,hemen
immediately,hemen
immigrant,göçmen
impact,darbe
impatient,sabırsız
imply,ima etmek
import,içe aktarmak
importance,önem
important,önemli
impose,empoze etmek
impossible,imkansız
impress,etkilemek
impressed,etkilenmiş
impression,izlenim
impressive,etkileyici
improve,geliştirmek
improvement,gelişim
in,içinde
inch,inç
incident,olay
include,katmak
included,dahil
including,içermek
income,gelir
increase,arttırmak
increasingly,giderek
incredible,inanılmaz
incredibly,inanılmaz şekilde
indeed,Aslında
independent,bağımsız
indicate,belirtmek
indirect,dolaylı
individual,bireysel
indoor,kapalı
indoors,kapalı
industrial,Sanayi
industry,sanayi
infection,enfeksiyon
influence,etkilemek
inform,bilgi vermek
informal,gayri resmi
information,bilgi
ingredient,bileşen
initial,ilk
initially,ilk olarak
initiative,girişim
injure,yaralamak
injured,yaralı
injury,incinme
inner,iç
innocent,masum
insect,böcek
inside,içeri
insight,iç yüzü
insist,ısrar etmek
inspire,ilham vermek
install,düzenlemek
instance,misal
instead,yerine
institute,enstitü
institution,kurum
instruction,talimat
instructor,eğitmen
instrument,enstrüman
insurance,sigorta
intelligence,istihbarat
intelligent,zeki
intend,niyet etmek
intended,amaçlanan
intense,yoğun
intention,niyet
interest,faiz
interested,ilgili
interesting,ilginç
internal,dahili
international,uluslararası
internet,internet
interpret,yorumlamak
interrupt,yarıda kesmek
interview,röportaj
into,içine
introduce,tanıtmak
introduction,giriiş
invent,icat etmek
invention,buluş
invest,yatırım
investigate,araştırmak
investigation,soruşturma
investment,yatırım
invitation,davet
invite,davet etmek
involve,içermek
involved,dahil olmuş
iron,ütü
island,ada
issue,sorun
it,BT
item,öğe
its,onun
itself,kendisi
jail,hapishane
jet,jet
joint,eklem yeri
journalism,gazetecilik
judicial,yargı
junction,Kavşak noktası
jurisdiction,yargı yetkisi
jury,jüri
just,Sadece
justification,meşrulaştırma
jacket,ceket
jam,reçel
january,Ocak
jazz,caz
jeans,kot
jewellery,mücevher
job,iş
join,katılmak
joke,şaka
journal,dergi
journalist,gazeteci
journey,seyahat
joy,neşe
judge,yargıç
judgement,yargılama
juice,Meyve suyu
july,temmuz
jump,zıplamak
june,haziran
junior,genç
just,Sadece
justice,adalet
justify,savunmak
kidnap,kaçırmak
kidney,böbrek
kingdom,krallık
kit,set
keen,hevesli
keep,kale
key,anahtar
keyboard,tuş takımı
kick,tekme atmak
kid,çocuk
kill,öldürmek
killing,öldürme
kilometre,kilometre
kind,tür
king,kral
kiss,öpücük
kitchen,mutfak
knee,diz
knife,bıçak
knock,vuruş
know,Bilmek
knowledge,bilgi
lad,delikanlı
ladder,merdiven
landing,iniş
landlord,kiraya veren
landmark,dönüm noktası
lane,Lane
lap,kucak
large-scale,büyük ölçekli
laser,lazer
lately,son zamanlarda
latter,ikincisi
lawn,çim
lawsuit,dava
layout,düzen
leaflet,broşür
leak,sızıntı
leap,sıçramak
legacy,miras
legend,efsane
legendary,efsanevi
legislation,mevzuat
legislative,yasama
legislature,yasama organı
legitimate,meşru
lengthy,uzun
lens,lens
lesbian,lezbiyen
lesser,daha az
lethal,ölümcül
liable,sorumlu
liberal,liberal
liberation,kurtuluş
liberty,özgürlük
license,lisans
lifelong,ömür boyu
lifetime,ömür
lighting,aydınlatma
likelihood,olasılık
likewise,aynı şekilde
limb,uzuv
limitation,sınırlama
line-up,sıralanmak
linear,doğrusal
linger,oyalanmak
listing,liste
literacy,okuryazarlık
literally,gerçekten
literary,edebi
litre,litre
litter,yavrulamak
liver,karaciğer
lobby,lobi
log,kayıt
logic,mantık
logo,logo
long-standing,uzun süredir devam eden
long-time,uzun zaman
loom,tezgâh
loop,döngü
lottery,piyango
loyal,sadık
loyalty,bağlılık
lyric,lirik
lab,laboratuvar
label,etiket
laboratory,laboratuvar
labour,iş gücü
lack,eksiklik
lady,bayan
lake,göl
lamp,lamba
land,kara
landscape,manzara
language,dil
laptop,dizüstü bilgisayar
large,büyük
largely,büyük oranda
last,son
late,geç
later,Daha sonra
latest,en sonuncu
laugh,gülmek
laughter,kahkaha
launch,öğle yemeği
law,kanun
lawyer,avukat
lay,sermek
layer,katman
lazy,tembel
lead,yol göstermek
leader,Önder
leadership,liderlik
leading,önde gelen
leaf,yaprak
league,lig
lean,eğilmek
learn,öğrenmek
learning,öğrenme
least,en az
leather,deri
leave,ayrılmak
lecture,ders
left,sol
leg,bacak
legal,yasal
leisure,boş vakit
lemon,limon
lend,ödünç vermek
length,uzunluk
less,az
lesson,ders
let,izin vermek
letter,mektup
level,seviyesi
library,kütüphane
licence,lisans
lie,yalan
life,hayat
lifestyle,yaşam tarzı
lift,kaldırmak
light,ışık
like,beğenmek
likely,büyük ihtimalle
limit,sınırlamak
limited,sınırlı
line,astar
link,bağlantı
lion,aslan
lip,dudak
liquid,sıvı
list,liste
listen,Dinlemek
listener,dinleyici
literature,edebiyat
little,biraz
live,canlı
lively,canlı
living,yaşamak
load,yük
loan,borç
local,yerel
locate,bulmak
located,yerleşmiş
location,konum
lock,kilit
logical,mantıklı
lonely,yalnız
long,uzun
long-term,uzun vadeli
look,Bakmak
loose,gevşetmek
lord,Kral
lorry,kamyon
lose,kaybetmek
loss,kayıp
lost,kayıp
lot,pay
loud,yüksek sesle
loudly,yüksek sesle
love,Aşk
lovely,sevimli
low,Düşük
lower,daha düşük
luck,şans
lucky,şanslı
lunch,öğle yemeği
lung,akciğer
luxury,lüks
machinery,makine
magical,büyülü
magistrate,sulh yargıcı
magnetic,manyetik
magnificent,muhteşem
magnitude,büyüklük
mainland,anakara
mainstream,ana akım
maintenance,Bakım
major,ana
make-up,makyaj yapmak
making,yapımı
mandate,hakimiyet
mandatory,zorunlu
manifest,belirgin
manipulate,manipule etmek
manipulation,manipülasyon
manufacture,üretmek
manufacturing,üretme
manuscript,el yazması
marathon,maraton
march,mart
margin,marj
marginal,marjinal
marine,deniz
marker,işaretleyici
marketplace,pazar
martial,dövüş
mask,maske
massacre,katliam
mate,mat
mathematical,matematiksel
mature,olgun
maximize,en üst düzeye çıkarmak
mayor,Belediye Başkanı
meaningful,anlamlı
meantime,Bu arada
mechanic,tamirci
mechanical,mekanik
mechanism,mekanizma
medal,madalya
medication,ilaç tedavisi
medieval,Ortaçağa ait
meditation,meditasyon
melody,melodi
membership,üyelik
memo,hafıza
memoir,anı
memorable,unutulmaz
memorial,anıt
mentor,akıl hocası
merchant,tüccar
mercy,merhamet
mere,sadece
merely,sadece
merge,birleştirmek
merger,birleşme
merit,hak
metaphor,metafor
methodology,metodoloji
midst,ortasında
migration,göç
militant,militan
militia,milis
mill,değirmen
miner,madenci
minimal,en az
minimize,küçültmek
mining,madencilik
ministry,bakanlık
minute,dakika
miracle,mucize
miserable,acınası
misery,sefalet
misleading,yanıltıcı
missile,füze
mob,mafya
mobility,hareketlilik
mobilize,harekete geçirmek
mode,moda
moderate,ılıman
modest,mütevazı
modification,değiştirme
momentum,itme
monk,keşiş
monopoly,Tekel
monster,canavar
monthly,aylık
monument,anıt
morality,ahlak
moreover,Dahası
mortgage,ipotek
mosque,cami
motion,hareket
motivate,motive etmek
motivation,motivasyon
motive,güdü
motorist,sürücü
moving,hareketli
municipal,belediye
mutual,karşılıklı
myth,efsane
machine,makine
mad,kızgın
magazine,dergi
magic,büyü
mail,posta
main,ana
mainly,daha çok
maintain,sürdürmek
major,ana
majority,çoğunluk
make,yapmak
male,erkek
mall,alışveriş merkezi
man,Adam
manage,üstesinden gelmek
management,yönetmek
manager,müdür
manner,biçim
many,birçok
map,harita
march,mart
mark,işaret
market,pazar
marketing,pazarlama
marriage,evlilik
married,evli
marry,evlenmek
mass,yığın
massive,cüsseli
master,usta
match,kibrit
matching,eşleştirme
material,malzeme
mathematics,matematik
maths,Matematik
matter,konu
maximum,maksimum
may,mayıs
maybe,Belki
me,Ben
meal,yemek
mean,Anlam
meaning,Anlam
means,araç
meanwhile,Bu sırada
measure,ölçüm
measurement,ölçüm
meat,et
media,medya
medical,tıbbi
medicine,ilaç
medium,orta
meet,tanışmak
meeting,toplantı
melt,eritmek
member,üye
memory,hafıza
mental,akıllı
mention,değinmek
menu,Menü
mess,karışıklık
message,İleti
metal,metal
method,yöntem
metre,metre
middle,orta
midnight,gece yarısı
might,belki
mild,hafif
mile,mil
military,askeri
milk,süt
million,milyon
mind,akıl
mine,bana ait
mineral,mineral
minimum,minimum
minister,bakan
minor,küçük
minority,azınlık
minute,dakika
mirror,ayna
miss,kayıp
missing,eksik
mission,misyon
mistake,hata
mix,karışım
mixed,karışık
mixture,karışım
mobile,hareketli
model,model
modern,modern
modify,değiştirmek
moment,an
monday,Pazartesi
money,para
monitor,izlemek
monkey,maymun
month,ay
mood,mod
moon,ay
moral,ahlak
more,Daha
morning,Sabah
most,en
mostly,çoğunlukla
mother,anne
motor,motor
motorcycle,motosiklet
mount,takılmak
mountain,dağ
mouse,fare
mouth,ağız
move,taşınmak
movement,hareket
movie,film
much,fazla
mud,çamur
multiple,çoklu
multiply,çarpmak
mum,anne
murder,cinayet
muscle,kas
museum,müze
music,müzik
musical,müzikal
musician,müzisyen
must,mutlak
my,Benim
myself,kendim
mysterious,gizemli
mystery,gizem
naked,çıplak
namely,yani
nasty,edepsiz
nationwide,ülke çapında
naval,deniz
navigation,navigasyon
nearby,yakında
necessity,zorunluluk
neglect,ihmal etmek
negotiate,müzakere etmek
negotiation,müzakere
neighbouring,komşu
nest,yuva
net,açık
neutral,doğal
newly,yeni
newsletter,bülten
niche,niş
noble,soylu
nod,başını sallamak
nominate,aday göstermek
nomination,adaylık
nominee,aday
non-profit,kar amacı gütmeyen
nonetheless,Her şeye rağmen
nonsense,anlamsız
noon,öğlen
norm,norm
notable,dikkate değer
notably,özel olarak
notebook,not defteri
notify,bilgilendirmek
notorious,kötü şöhretli
novel,roman
novelist,romancı
nowadays,bu günlerde
nursery,yuva
nursing,emzirme
nutrition,beslenme
nail,çivi
name,isim
narrative,anlatı
narrow,dar
nation,ulus
national,ulusal
native,yerli
natural,doğal
naturally,doğal olarak
nature,doğa
near,yakın
nearly,neredeyse
neat,düzenli
necessarily,zorunlu olarak
necessary,gerekli
neck,boyun
need,ihtiyaç
needle,iğne
negative,olumsuz
neighbour,komşu
neighbourhood,komşu
neither,hiç biri
nerve,sinir
nervous,gergin
net,açık
network,ağ
never,Asla
nevertheless,yine de
new,yeni
news,haberler
newspaper,gazete
next,Sonraki
next to,yanında
nice,Güzel
night,gece
nightmare,kabus
nine,dokuz
nineteen,on dokuz
ninety,doksan
no,HAYIR
no one,hiç kimse
nobody,hiç kimse
noise,gürültü
noisy,gürültülü
none,hiçbiri
nor,ne
normal,normal
normally,normalde
north,kuzey
northern,kuzey
nose,burun
not,Olumsuz
note,Not
nothing,Hiçbir şey
notice,fark etme
notion,fikir
novel,roman
november,kasım
now,Şimdi
nowhere,Hiçbir yerde
nuclear,nükleer
number,sayı
numerous,çeşitli
nurse,hemşire
nut,ceviz
obesity,obezite
objection,itiraz
oblige,mecbur etmek
observer,gözlemci
obsess,takıntılı olmak
obsession,saplantı
obstacle,engel
occasional,ara sıra
occupation,meslek
occupy,işgal etmek
occurrence,ortaya çıkma
odds,ihtimal
offender,suçlu
offering,teklif
offspring,yavru
ongoing,devam eden
openly,açıkça
opera,opera
operational,operasyonel
operator,Şebeke
opt,seçmek
optical,optik
optimism,iyimserlik
optimistic,iyimser
oral,Oral
orchestra,orkestra
organic,organik
organizational,örgütsel
orientation,oryantasyon
originate,doğmak
outbreak,salgın
outfit,kıyafet
outing,gezi
outlet,çıkış
outlook,görünüm
output,çıktı
outrage,öfke
outsider,yabancı
outstanding,üstün
overcome,üstesinden gelmek
overlook,görmezden gelmek
overly,aşırı
overnight,bir gecede
overseas,denizaşırı
oversee,denetlemek
overturn,devirmek
overwhelm,kaplamak
overwhelming,ezici
ownership,sahiplik
oxygen,oksijen
o'clock,saat
obey,itaat etmek
object,nesne
objective,amaç
obligation,yükümlülük
observation,gözlem
observe,gözlemlemek
obtain,elde etmek
obvious,bariz
obviously,açıkça
occasion,durum
occasionally,ara sıra
occur,meydana gelmek
ocean,okyanus
october,ekim
odd,garip
of,ile ilgili
off,kapalı
offence,suç
offend,gücendirmek
offensive,saldırgan
offer,teklif
office,ofis
officer,subay
official,resmi
often,sıklıkla
oh,ah
oil,yağ
ok,Tamam
old,eskimiş
old-fashioned,eski moda
on,Açık
once,bir kere
one,bir
onion,soğan
online,çevrimiçi
only,sadece
onto,üzerine
open,açık
opening,açılış
operate,çalıştırmak
operation,operasyon
opinion,fikir
opponent,rakip
opportunity,fırsat
oppose,karşı çıkmak
opposed,karşı
opposite,zıt
opposition,muhalefet
option,seçenek
or,veya
orange,turuncu
order,emir
ordinary,sıradan
organ,organ
organization,organizasyon
organize,düzenlemek
organized,organize edilmiş
organizer,organizatör
origin,Menşei
original,orijinal
originally,aslında
other,diğer
otherwise,aksi takdirde
ought,zorla
our,bizim
ours,bizim
ourselves,kendimizi
out,dışarı
outcome,sonuç
outdoor,dış mekan
outdoors,açık havada
outer,dış
outline,taslak
outside,dıştan
oven,fırın
over,üzerinde
overall,etraflı
owe,sahip olmak
own,sahip olmak
owner,mal sahibi
packet,paket
pad,ped
palm,avuç içi
panic,panik
parade,geçit töreni
parallel,paralel
parameter,parametre
parental,ebeveyn
parish,cemaat
parliamentary,parlamento
part-time,yarı zamanlı
partial,kısmi
partially,kısmen
participation,katılım
partnership,ortaklık
passing,geçen
passionate,tutkulu
passive,pasif
password,şifre
pastor,papaz
patch,yama
patent,patent
pathway,patika
patience,sabır
patrol,devriye gezmek
patron,patron
pause,Duraklat
peak,doruğa ulaşmak
peasant,köylü
peculiar,özel eşya
peer,akran
penalty,ceza
perceive,algılamak
perception,algı
permanently,kalıcı olarak
persist,ısrar etmek
persistent,kalıcı
personnel,personel
petition,dilekçe
philosopher,filozof
philosophical,felsefi
physician,doktor
pill,hap
pioneer,öncü
pipeline,boru hattı
pirate,korsan
pit,çukur
pity,acımak
placement,atama
plea,savunma
plead,savunmak
pledge,rehin
plug,fiş
plunge,dalma
pole,kutup
poll,anket
pond,gölet
pop,pop
portfolio,portföy
portion,porsiyon
portray,tasvir etmek
post-war,savaş sonrası
postpone,ertelemek
potentially,potansiyel olarak
practitioner,uygulayıcı
preach,vaaz vermek
precede,öne çıkmak
precedent,emsal teşkil eden
precious,değerli
precise,kesin
precisely,açık olarak
precision,kesinlik
predator,yırtıcı kimse
predecessor,selefi
predictable,öngörülebilir
predominantly,ağırlıklı olarak
preference,tercih
pregnancy,gebelik
prejudice,ön yargı
preliminary,ön hazırlık
premier,ilk
premise,Öncül
premium,ödül
prescribe,Reçetelemek
prescription,reçete
presently,şu anda
preservation,koruma
preside,başkanlık etmek
presidency,başkanlık
presidential,başkanlık
prestigious,prestijli
presumably,muhtemelen
presume,varsaymak
prevail,hakim olmak
prevalence,yaygınlık
prevention,önleme
prey,kurban
pride,gurur
primarily,öncelikle
principal,müdür
prior,önceki
privatization,özelleştirme
privilege,ayrıcalık
probability,olasılık
probable,olası
probe,"incelemek, bulmak"
problematic,sorunlu
proceed,ilerlemek
proceeding,ilerleme
proceeds,gelir
processing,işleme
processor,işlemci
proclaim,ilan etmek
productive,üretken
productivity,verimlilik
profitable,kârlı
profound,engin
programming,programlama
progressive,ilerici
prohibit,yasaklamak
projection,projeksiyon
prominent,öne çıkan
promising,umut verici
promotion,terfi
prompt,çabuk
pronounced,belirgin
propaganda,propaganda
proportion,oran
proposition,önerme
prosecute,kovuşturmak
prosecution,Soruşturma
prosecutor,Savcı
prospective,muhtemel
prosperity,refah
protective,koruyucu
protein,protein
protester,protestocu
protocol,protokol
province,vilayet
provincial,il
provision,karşılık
provoke,kışkırtmak
psychiatric,psikiyatrik
psychological,psikolojik
publicity,tanıtım
publishing,yayınlama
pulse,nabız
pump,pompa
punch,yumruk
punk,punk
purely,yalnızca
pursuit,kovalama
puzzle,bulmaca
pace,adımlamak
pack,ambalaj
package,paketi
page,sayfa
pain,ağrı
painful,acı verici
paint,boyamak
painter,ressam
painting,tablo
pair,çift
palace,Saray
pale,solgun
pan,tava
panel,panel
pants,pantolon
paper,kağıt
paragraph,paragraf
parent,ebeveyn
park,park
parking,otopark
parliament,parlamento
part,parça
participant,katılımcı
participate,katılmak
particular,özel
particularly,özellikle
partly,kısmen
partner,ortak
party,Parti
pass,geçmek
passage,geçit
passenger,yolcu
passion,tutku
passport,pasaport
past,geçmiş
path,yol
patient,hasta
pattern,model
pay,ödemek
payment,ödeme
peace,barış
peaceful,barışçıl
pen,dolma kalem
pencil,kalem
penny,kuruş
pension,emeklilik
people,insanlar
pepper,biber
per,başına
per cent,yüzde
percentage,yüzde
perfect,mükemmel
perfectly,kusursuzca
perform,rol yapmak
performance,verim
perhaps,belki
period,dönem
permanent,kalıcı
permission,izin
permit,izin vermek
person,kişi
personal,kişisel
personality,kişilik
personally,Şahsen
perspective,perspektif
persuade,ikna etmek
pet,Evcil Hayvan
petrol,benzin
phase,faz
phenomenon,fenomen
philosophy,Felsefe
phone,telefon
photo,Fotoğraf
photograph,fotoğraf
photographer,fotoğrafçı
photography,fotoğrafçılık
phrase,ifade etmek
physical,fiziksel
physics,fizik
piano,piyano
pick,seçmek
picture,resim
piece,parça
pig,domuz
pile,istif
pilot,pilot
pin,toplu iğne
pink,pembe
pipe,boru
pitch,saha
place,yer
plain,ova
plan,plan
plane,uçak
planet,gezegen
planning,planlama
plant,bitki
plastic,plastik
plate,plaka
platform,platform
play,oynamak
player,oyuncu
pleasant,güzel
please,Lütfen
pleased,memnun
pleasure,zevk
plenty,bolca
plot,komplo
plus,artı
pocket,cep
poem,şiir
poet,şair
poetry,şiir
point,nokta
pointed,işaretlendi
poison,zehir
poisonous,zehirli
police,polis
policeman,polis
policy,politika
polite,kibar
political,siyasi
politician,politikacı
politics,siyaset
pollution,kirlilik
pool,havuz
poor,fakir
pop,pop
popular,popüler
popularity,popülerlik
population,nüfus
port,liman
portrait,Vesika
pose,poz
position,konum
positive,pozitif
possess,elinde bulundurmak
possession,mülk
possibility,olasılık
possible,olası
possibly,muhtemelen
post,postalamak
poster,afiş
pot,tencere
potato,patates
potential,potansiyel
pound,pound
pour,dökün
poverty,yoksulluk
powder,pudra
power,güç
powerful,güçlü
practical,pratik
practice,pratik
practise,pratik
praise,övmek
pray,dua etmek
prayer,namaz
predict,tahmin etmek
prediction,tahmin
prefer,tercih etmek
pregnant,hamile
preparation,hazırlık
prepare,hazırlanmak
prepared,tedarikli
presence,mevcudiyet
present,Sunmak
presentation,sunum
preserve,korumak
president,başkan
press,basmak
pressure,basınç
pretend,numara yapmak
pretty,tatlı
prevent,önlemek
previous,öncesi
previously,önceden
price,fiyat
priest,rahip
primary,öncelik
prime,astar vurmak
prince,prens
princess,prenses
principle,prensip
print,Yazdır
printer,yazıcı
printing,baskı
priority,öncelik
prison,hapishane
prisoner,mahkum
privacy,mahremiyet
private,özel
prize,ödül
probably,muhtemelen
problem,sorun
procedure,prosedür
process,işlem
produce,üretmek
producer,üretici
product,ürün
production,üretme
profession,meslek
professional,profesyonel
professor,profesör
profile,profil
profit,kâr
program,program
programme,program
progress,ilerlemek
project,proje
promise,söz
promote,terfi
pronounce,telaffuz
proof,kanıt
proper,düzgün
properly,düzgün bir şekilde
property,mülk
proposal,teklif
propose,"teklif etmek, önermek"
prospect,olasılık
protect,korumak
protection,koruma
protest,protesto
proud,gurur duymak
prove,kanıtlamak
provide,sağlamak
psychologist,psikolog
psychology,Psikoloji
pub,pub
public,halk
publication,yayın
publish,Yayınla
pull,çekmek
punish,cezalandırmak
punishment,ceza
pupil,öğrenci
purchase,satın almak
pure,saf
purple,mor
purpose,amaç
pursue,izlemek
push,itmek
put,koymak
query,sorgu
quest,arayış
questionnaire,anket
quota,kota
qualification,vasıf
qualified,nitelikli
qualify,nitelemek
quality,kalite
quantity,miktar
quarter,çeyrek
queen,kraliçe
question,soru
queue,sıra
quick,hızlı
quickly,hızlıca
quiet,sessizlik
quietly,sessizce
quit,çıkış yapmak
quite,epeyce
quotation,alıntı yapmak
quote,alıntı
racial,ırksal
racism,ırkçılık
racist,ırkçı
radar,radar
radiation,radyasyon
radical,radikal
rage,öfkelenmek
raid,yağma
rail,Demiryolu
rally,ralli
random,rastgele
ranking,sıralama
rape,tecavüz etmek
rat,fare
rating,değerlendirme
ratio,oran
rational,akılcı
ray,ışıltı
readily,kolayca
realization,gerçekleştirme
realm,Diyar
rear,arka
reasonably,makul bir şekilde
reasoning,akıl yürütme
reassure,güvence vermek
rebel,isyancı
rebellion,isyan
rebuild,yeniden inşa etmek
receiver,alıcı
recession,durgunluk
recipient,alıcı
reckon,tahmin temek
recognition,tanıma
reconstruction,yeniden yapılanma
recount,yeniden saymak
recovery,iyileşmek
recruit,iyileştirmek
recruitment,işe alım
referee,hakem
referendum,referandum
reflection,refleks
reform,reform
refuge,sığınmak
refugee,mülteci
refusal,reddetme
regain,yeniden kazanmak
regardless,ne olursa olsun
regime,rejim
registration,kayıt
regulate,düzenlemek
regulator,regülatör
regulatory,düzenleyici
rehabilitation,rehabilitasyon
reign,saltanat
reinforce,güçlendirmek
rejection,reddetme
relevance,alaka düzeyi
reliability,güvenilirlik
relieve,rahatlamak
relieved,rahatlamak
reluctant,isteksiz
remainder,geri kalan
remains,kalıntılar
remarkable,dikkat çekici
remarkably,dikkate alınarak
remedy,çare
reminder,hatırlatma
removal,kaldırma
render,işlemek
renew,Yenile
renowned,ünlü
rental,kira
replacement,yenisiyle değiştirme
reportedly,bildirilmiş
reporting,raporlama
representation,temsil
reproduce,üretmek
reproduction,üreme
republic,cumhuriyet
resemble,benzemek
reside,ikamet
residence,Konut
residential,yerleşim
residue,kalıntı
resign,istifa etmek
resignation,istifa
resistance,rezistans
resolution,çözünürlük
respective,saygılı
respectively,sırasıyla
restoration,restorasyon
restore,eski haline getirmek
restraint,kısıtlama
restrict,kısıtlamak
restriction,kısıtlama
resume,sürdürmek
retail,perakende
retirement,emeklilik
retreat,geri çekilmek
retrieve,geri almak
revelation,vahiy
revenge,intikam
revenue,hasılat
reverse,tersi
revision,revizyon
revival,canlanma
revive,canlandırmak
revolutionary,devrimci
rhetoric,retorik
ridiculous,saçma
rifle,tüfek
riot,isyan
rip,Huzur içinde yatsın
risky,riskli
ritual,ritüel
rival,rakip
rob,soymak
robbery,soygun
robust,güçlü
rock,kaynak
rocket,roket
rod,kamış
romance,romantik
rose,gül
rotate,döndürmek
rotation,dönme
roughly,kabaca
ruin,mahvetmek
ruling,yonetmek
rumour,söylenti
race,ırk
racing,yarışma
radio,radyo
railway,demiryolu
rain,yağmur
raise,artırmak
range,menzil
rank,rütbe
rapid,ani
rapidly,hızlıca
rare,nadir
rarely,nadiren
rate,oran
rather,yerine
raw,çiğ
reach,ulaşmak
react,tepki
reaction,reaksiyon
read,Okumak
reader,okuyucu
reading,okuma
ready,hazır
real,gerçek
realistic,gerçekçi
reality,gerçeklik
realize,fark etmek
really,Gerçekten
reason,sebep
reasonable,mantıklı
recall,hatırlamak
receipt,fiş
receive,almak
recent,son
recently,son zamanlarda
reception,resepsiyon
recipe,yemek tarifi
recognize,tanımak
recommend,tavsiye etmek
recommendation,öneri
record,kayıt
recording,kayıt
recover,iyileşmek
recycle,geri dönüştürmek
red,kırmızı
reduce,azaltmak
reduction,kesinti
refer,bahsetmek
reference,referans
reflect,yansıtmak
refuse,reddetmek
regard,saygınlık
region,bölge
regional,bölgesel
register,kayıt olmak
regret,pişmanlık
regular,düzenli
regularly,düzenli olarak
regulation,düzenleme
reject,reddetmek
relate,ilgili olmak
related,ilgili
relation,ilişki
relationship,ilişki
relative,akraba
relatively,nispeten
relax,rahatlamak
relaxed,rahat
relaxing,rahatlatıcı
release,serbest bırakmak
relevant,ilgili
reliable,güvenilir
relief,rahatlama
religion,din
religious,din
rely,güvenmek
remain,geriye kalmak
remark,söz
remember,Unutma
remind,hatırlatmak
remote,uzak
remove,kaldırmak
rent,kira
repair,tamirat
repeat,tekrarlamak
repeated,tekrarlanan
replace,yer değiştirmek
reply,cevap vermek
report,rapor
reporter,muhabir
represent,temsil etmek
representative,temsilci
reputation,itibar
request,rica etmek
require,gerekmek
requirement,gereklilik
rescue,kurtarmak
research,araştırma
researcher,araştırmacı
reservation,rezervasyon
reserve,rezerve etmek
resident,ikamet eden kişi
resist,direnmek
resolve,çözmek
resort,tatil yeri
resource,kaynak
respect,Saygı
respond,yanıtlamak
response,cevap
responsibility,sorumluluk
responsible,sorumlu
rest,dinlenmek
restaurant,restoran
result,sonuç
retain,sürdürmek
retire,emekli olmak
retired,emekli
return,geri dönmek
reveal,ortaya çıkarmak
review,gözden geçirmek
revise,tekrar düzeltme yapmak
revolution,devrim
reward,ödül
rhythm,ritim
rice,pirinç
rich,zengin
rid,kurtulmak
ride,sürmek
right,Sağ
ring,yüzük
rise,yükselmek
risk,risk
river,nehir
road,yol
robot,robot
rock,kaynak
role,rol
roll,rulo
romantic,romantik
roof,çatı
room,oda
root,kök
rope,halat
rough,kaba 
round,yuvarlak
route,rota
routine,rutin
row,sıra
royal,asil
rub,ovmak
rubber,lastik
rubbish,zırva
rude,kaba
rugby,Ragbi
rule,kural
run,koşmak
runner,koşucu
running,koşma
rural,kırsal
rush,acele etmek
sack,çuval
sacred,kutsal
sacrifice,kurban etmek
saint,aziz
sake,hatır
sanction,yaptırım
satisfaction,memnuniyet
say,söylemek
scandal,skandal
scare,Korkmak
scattered,dağınık
scenario,senaryo
sceptical,şüpheci
scholar,akademisyen
scholarship,burs
scope,kapsam
scratch,çizik
screening,tarama
screw,vida
scrutiny,inceleme
seal,fok
secular,laik
seeker,arayan kimse
seemingly,görünüşte
segment,segment
seize,kapmak
seldom,nadiren
selective,seçici
seminar,seminer
senator,senatör
sensation,duygu
sensitivity,duyarlılık
sentiment,duygusallık
separation,ayrılma
serial,seri
set-up,kurmak
settlement,yerleşme
settler,yerleşimci
severely,şiddetli
sexuality,cinsellik
sexy,seksi
shaped,şekilli
shareholder,hissedar
shatter,kırmak
shed,baraka
sheer,sırf
shipping,Nakliye
shocking,şok edici
shoot,film çekmek
shore,sahil
short-term,kısa vadeli
shortage,kıtlık
shortly,kısa süre içinde
shrink,çekmek
shrug,omuz silkme
sibling,kardeş
sigh,iç çekmek
signature,imza
significance,önem
simulate,benzetmek
simulation,simülasyon
simultaneously,eşzamanlı
sin,günah
situated,yerleşmiş
sketch,eskiz
skilled,yetenekli
skip,atlamak
skull,kafatası
slam,çarpmak
slap,tokat
slash,yırtmaç
slavery,kölelik
slogan,slogan
slot,yuva
smash,paramparça etmek
snap,patlatmak
so-called,Lafta
soak,emmek
soar,yükselmek
socialist,sosyalist
sole,ayak tabanı
solely,sadece
solicitor,avukat
solidarity,dayanışma
solo,solo
somehow,bir şekilde
sometime,bazen
sophisticated,komplike
sound,ses
sovereignty,egemenlik
spam,istenmeyen e-posta
span,aralık
spare,kıyamamak
spark,kıvılcım
specialize,uzmanlaşmak
specialized,özel
specification,Şartname
specify,belirtmek
specimen,örnek
spectacle,gösteri
spectacular,muhteşem
spectator,seyirci
spectrum,spektrum
speculate,spekülasyon yapmak
speculation,spekülasyon
spell,hecelemek
sphere,küre
spill,dökülme
spin,döndürmek
spine,omurga
spite,kınama
spoil,şımartmak
spokesman,sözcü
spokesperson,sözcü
spokeswoman,sözcü
sponsorship,sponsorluk
sporting,spor
spotlight,spot ışığı
spouse,eş
spy,casus
squad,Tayfa
squeeze,sıkmak
stab,bıçaklamak
stability,istikrar
stabilize,stabilize etmek
stake,kazıklamak
stall,ahır
stance,duruş
standing,ayakta
stark,keskin
starve,açlıktan ölmek
statistical,istatistiksel
steadily,istikrarlı bir şekilde
steam,buhar
steer,yönlendirmek
stem,kök
stereotype,stereotip
stimulate,canlandırmak
stimulus,uyarıcı
stir,karıştırmak
storage,depolamak
straightforward,basit
strain,gerilmek
strand,iplik
strategic,stratejik
strengthen,güçlendirmek
strictly,kesin olarak
striking,dikkat çekici
strip,şerit
strive,çaba sarf etmek
stroke,felç
structural,yapısal
stumble,yanılmak
stun,sersemletmek
stunning,çekici
submission,boyun eğme
subscriber,abone
subscription,abonelik
subsequent,sonraki
subsequently,daha sonra
subsidy,sübvansiyon
substantial,varlıklı
substantially,esasen
substitute,yerine geçmek
substitution,ikame
subtle,hemen göze çarpmayan
suburb,kenar mahalle
suburban,banliyö
succession,halefiyet
successive,birbirini izleyen
successor,varis
suck,emmek
sue,Dava açmak
suffering,cefa
sufficient,yeterli
sufficiently,yeteri kadar
suicide,intihar
suite,süit
summit,toplantı
super,Süper
superb,müthiş
superior,üst
supervise,denetlemek
supervision,nezaret
supervisor,amir
supplement,tamamlayıcı
supportive,destekleyici
supposedly,sözde
suppress,bastırmak
supreme,yüce
surge,kabarmak
surgeon,Cerrah
surgical,cerrahi
surplus,fazla
surrender,teslim olmak
surveillance,gözetim
survival,hayatta kalma
survivor,hayatta kalan
suspend,askıya almak
suspension,süspansiyon
suspicion,şüphe
suspicious,şüpheli
sustain,güç vermek
sustainable,sürdürülebilir
swallow,yutmak
swing,sallanmak
sword,kılıç
symbolic,simgesel
sympathetic,sempatik
syndrome,sendrom
synthesis,sentez
systematic,sistematik
sad,üzgün
sadly,ne yazık ki
safe,güvenli
safety,emniyet
sail,denize açılmak
sailing,yelken
sailor,denizci
salad,salata
salary,maaş
sale,satış
salt,tuz
same,Aynı
sample,örnek
sand,kum
sandwich,sandviç
satellite,uydu
satisfied,memnun
satisfy,tatmin etmek
saturday,Cumartesi
sauce,Sos
save,kaydetmek
saving,tasarruf
say,söylemek
scale,ölçek
scan,taramak
scared,korkmuş
scary,korkutucu
scene,sahne
schedule,takvim
scheme,şema
school,okul
science,bilim
scientific,ilmi
scientist,bilim adamı
score,Gol
scream,bağırmak
screen,ekran
script,senaryo
sculpture,heykel
sea,deniz
search,aramak
season,mevsim
seat,koltuk
second,ikinci
secondary,ikincil
secondly,ikincisi
secret,gizli
secretary,Sekreter
section,bölüm
sector,sektör
secure,güvenli
security,güvenlik
see,Görmek
seed,tohum
seek,aramak
seem,gözükmek
select,seçme
selection,seçme
self,kendi kendine
sell,satmak
send,Göndermek
senior,kıdemli
sense,algı
sensible,mantıklı
sensitive,hassas
sentence,cümle
separate,ayırmak
september,eylül
sequence,sekans
series,seri
serious,cidden
seriously,Cidden
servant,hizmetkar
serve,sert
service,hizmet
session,oturum
set,ayarlamak
setting,ayar
settle,yerleşmek
seven,Yedi
seventeen,on yedi
seventy,yetmiş
several,birçok
severe,haşin
sex,seks
sexual,cinsel
shade,gölge
shadow,gölge
shake,sallamak
shall,acak
shallow,sığ
shame,utanç
shape,şekil
share,paylaşmak
sharp,keskin
she,o
sheep,koyun
sheet,çarşaf
shelf,raf
shell,kabuk
shelter,barınak
shift,vardiya
shine,parlamak
shiny,parlak
ship,gemi
shirt,gömlek
shock,şok
shocked,şok
shoe,ayakkabı
shoot,film çekmek
shooting,çekim
shop,mağaza
shopping,alışveriş
short,kısa
shot,atış
should,meli
shoulder,omuz
shout,bağırmak
show,göstermek
shower,duş
shut,kapamak
shy,utangaç
sick,hasta
side,taraf
sight,görünüş
sign,imza
signal,sinyal
significant,önemli
significantly,önemli ölçüde
silence,sessizlik
silent,sessiz
silk,ipek
silly,şapşal
silver,gümüş
similar,benzer
similarity,benzerlik
similarly,benzer şekilde
simple,basit
simply,basitçe
since,o zamandan beri
sincere,içten
sing,şarkı söylemek
singer,şarkıcı
singing,Şarkı söyleme
single,Bekar
sink,atmak
sir,Sayın
sister,kız kardeş
sit,oturmak
site,alan
situation,durum
six,altı
sixteen,on altı
sixty,altmış
size,boyut
ski,kayak
skiing,kayak yapma
skill,yetenek
skin,deri
skirt,etek
sky,gökyüzü
slave,köle
sleep,uyumak
slice,dilim
slide,slayt
slight,hafif
slightly,biraz
slip,kaymak
slope,eğim
slow,yavaş
slowly,yavaş yavaş
small,küçük
smart,akıllı
smell,koku
smile,gülümsemek
smoke,Sigara içmek
smoking,sigara içmek
smooth,düz
snake,yılan
snow,kar
so,Bu yüzden
soap,sabun
soccer,futbol
social,sosyal
society,toplum
sock,çorap
soft,yumuşak
software,yazılım
soil,toprak
solar,güneş
soldier,asker
solid,sağlam
solution,çözüm
solve,çözmek
some,bazı
somebody,biri
someone,birisi
something,bir şey
sometimes,Bazen
somewhat,biraz
somewhere,bir yerde
son,oğul
song,şarkı
soon,yakında
sorry,Üzgünüm
sort,düzenlemek
soul,ruh
sound,ses
soup,çorba
source,kaynak
south,güney
southern,güney
space,uzay
speak,konuşmak
speaker,konuşmacı
special,özel
specialist,uzman
species,türler
specific,özel
specifically,özellikle
speech,konuşma
speed,hız
spell,hecelemek
spelling,yazım
spend,harcamak
spending,harcama
spicy,baharatlı
spider,örümcek
spirit,ruh
spiritual,manevi
split,bölmek
spoken,konuşulmuş
sponsor,sponsor
spoon,kaşık
sport,spor
spot,leke
spread,yaymak
spring,bahar
square,kare
stable,stabil
stadium,stadyum
staff,kadro
stage,sahne
stair,merdiven
stamp,damga vurmak
stand,durmak
standard,standart
star,yıldız
stare,dik dik dikmek
start,başlangıç
state,durum
statement,ifade
station,istasyon
statistic,istatistik
statue,heykel
status,durum
stay,kalmak
steady,sabit durmak
steal,hırsızlık yapmak
steel,çelik
steep,dik
step,adım
stick,sopa
sticky,yapışkan
stiff,katı
still,Hala
stock,stoklamak
stomach,karın
stone,taş
stop,durmak
store,mağaza
storm,fırtına
story,hikaye
straight,dümdüz
strange,garip
stranger,yabancı
strategy,strateji
stream,aktarım
street,sokak
strength,kuvvet
stress,stres
stretch,uzatmak
strict,sıkı
strike,çarpmak
string,sicim
strong,güçlü
strongly,kuvvetle
structure,yapı
struggle,çabalamak
student,öğrenci
studio,stüdyo
study,çalışmak
stuff,şey
stupid,aptal
style,stil
subject,ders
sublist,lüks
submit,göndermek
substance,madde
succeed,başarmak
success,başarı
successful,başarılı
successfully,başarıyla
such,çok
sudden,birden
suddenly,Birden
suffer,acı çekmek
sugar,şeker
suggest,tavsiye etmek
suggestion,telkin
suit,uygun olmak
suitable,uygun
sum,meblağ
summarize,özetlemek
summary,özet
summer,yaz
sun,güneş
sunday,Pazar
supermarket,süpermarket
supply,tedarik
support,Destek
supporter,destekçi
suppose,sanmak
sure,Elbette
surely,elbette
surface,yüzey
surgery,ameliyat
surprise,sürpriz
surprised,şaşırmış
surprising,şaşırtıcı
surround,çevrelemek
surrounding,çevreleyen
survey,anket
survive,hayatta kalmak
suspect,şüphelenmek
swear,küfür
sweater,Kazak
sweep,süpürmek
sweet,tatlı
swim,yüzmek
swimming,yüzme
switch,anahtar
symbol,sembol
sympathy,sempati
symptom,semptom
system,sistem
tackle,olta takımı
tactic,taktik
tactical,taktik
tag,etiket
tap,musluk
taxpayer,vergi mükellefi
technological,teknolojik
teens,gençler
temple,tapınak
temporarily,geçici
tempt,baştan çıkarmak
tenant,kiracı
tendency,eğilim
tender,sunmak
tension,tansiyon
tenure,görev süresi
terminal,terminal
terminate,sonlandırmak
terms,şartlar
terrain,arazi
terribly,çok
terrific,müthiş
terrify,korkutmak
territory,bölge
terror,terör
terrorism,terörizm
terrorist,terörist
testify,tanıklık etmek
testimony,tanıklık
testing,test yapmak
textbook,ders kitabı
texture,doku
thankfully,neyse ki
theatrical,tiyatro
theft,Çalınması
theology,teoloji
theoretical,teorik
therapist,terapist
thereafter,daha sonra
thereby,böylece
thesis,tez
thorough,tam
thoroughly,iyice
thought-provoking,düşündürücü
thoughtful,düşünceli
thread,iplik
threshold,eşik
thrilled,heyecanlı
thrive,gelişmek
thumb,baş parmak
tide,gelgit
tighten,sıkılaştırmak
timber,kereste
timely,zamanında
timing,zamanlama
tissue,doku
tobacco,tütün
tolerance,hata payı
tolerate,tolere etmek
toll,Geçiş ücreti
ton,ton
tonne,ton
top,tepe
torture,işkence
toss,atmak
total,Toplam
tournament,turnuva
toxic,zehirli
trace,iz
trademark,marka
trading,ticaret
tragedy,trajedi
tragic,trajik
trail,iz
trailer,römork
trait,karakter
transaction,işlem
transcript,deşifre metni
transformation,dönüşüm
transit,taşıma
transmission,bulaşma
transmit,aktarmak
transparency,şeffaflık
transparent,şeffaf
transportation,toplu taşıma
trap,tuzak
trauma,travma
treasure,hazine
treaty,antlaşma
tremendous,muazzam
tribal,kabile
tribe,kabile
tribunal,mahkeme
tribute,takdir
trigger,tetiklemek
trillion,trilyon
trio,üçlü
triumph,zafer
troop,birleşmek
trophy,ganimet
troubled,sıkıntılı
trustee,mütevelli heyeti
tsunami,tsunami
tuition,öğrenim
turnout,boşaltmak
turnover,devir
twist,bükmek
t-shirt,tişört
table,masa
tablet,tablet
tail,kuyruk
take,almak
tale,masal
talent,yetenek
talented,yetenekli
talk,konuşmak
tall,uzun
tank,tank
tape,kaset
target,hedef
task,görev
taste,tatmak
tax,vergi
taxi,taksi
tea,çay
teach,öğretmek
teacher,Öğretmen
teaching,öğretim
team,takım
tear,göz yaşı
technical,teknik
technique,teknik
technology,teknoloji
teenage,genç
teenager,genç
telephone,telefon
television,televizyon
tell,söylemek
temperature,sıcaklık
temporary,geçici
ten,on
tend,eğilimli olma
tennis,tenis
tent,çadır
term,terim
terrible,korkunç
test,Ölçek
text,metin
than,hariç
thank,teşekkür etmek
thanks,teşekkürler
that,O
the,.
theatre,tiyatro
their,onların
theirs,onların
them,onlara
theme,tema
themselves,kendileri
then,Daha sonra
theory,teori
therapy,terapi
there,Orası
therefore,Öyleyse
they,Onlar
thick,kalın
thief,hırsız
thin,ince
thing,şey
think,düşünmek
thinking,düşünme
third,üçüncü
thirsty,susuz
thirteen,on üç
thirty,otuz
this,Bu
though,Yine de
thought,düşünce
thousand,bin
threat,tehdit
threaten,tehdit etmek
three,üç
throat,boğaz
through,başından sonuna kadar
throughout,boyunca
throw,fırlatmak
thursday,Perşembe
thus,Böylece
ticket,bilet
tidy,düzenli
tie,bağlamak
tight,sıkı
till,kadar
time,zaman
tin,teneke
tiny,minik
tip,uç
tired,yorgun
title,başlık
to,ile
today,Bugün
toe,ayak parmağı
together,birlikte
toilet,tuvalet
tomato,domates
tomorrow,Yarın
tone,tonlamak
tongue,dil
tonight,bu akşam
too,fazla
tool,alet
tooth,diş
top,tepe
topic,başlık
total,Toplam
totally,tamamen
touch,dokunmak
tough,zorlu
tour,tur
tourism,turizm
tourist,turist
towards,karşı
towel,havlu
tower,kule
town,şehir
toy,oyuncak
track,izlemek
trade,ticaret
tradition,gelenek
traditional,geleneksel
traffic,trafik
train,tren
trainer,eğitimci
training,eğitim
transfer,Aktar
transform,dönüşüm
transition,geçiş
translate,Çevirmek
translation,tercüme
transport,Ulaşım
travel,seyahat
traveller,gezgin
treat,davranmak
treatment,tedavi
tree,ağaç
trend,akım
trial,duruşma
trick,kandırmak
trip,seyahat
tropical,tropikal
trouble,bela
trousers,pantolonlar
truck,kamyon
TRUE,DOĞRU
truly,tamamen
trust,güven
truth,gerçek
try,denemek
tube,tüp
tuesday,Salı
tune,ayarlamak
tunnel,tünel
turn,dönüş
tv,televizyon
twelve,on iki
twenty,yirmi
twice,iki kere
twin,ikiz
two,iki
type,tip
typical,tipik
typically,tipik
tyre,yorulmak
ultimate,nihai
unacceptable,kabul edilemez
uncertainty,belirsizlik
undergo,uğramak
undergraduate,lisans
underlying,altta yatan
undermine,zayıflatmak
undertake,üstlenmek
undoubtedly,kuşkusuz
unfold,açılmak
unfortunate,talihsiz
unify,birleştirmek
unite,birleştirmek
unity,birlik
universal,evrensel
unprecedented,benzeri görülmemiş
unveil,ortaya çıkarmak
upcoming,yaklaşan
upgrade,güncelleme
uphold,korumak
urgent,acil
usage,kullanım
useless,kullanışsız
utility,Yarar
utilize,faydalanmak
utterly,tamamen
ugly,çirkin
ultimately,nihayetinde
umbrella,şemsiye
unable,aciz
uncle,amca
uncomfortable,rahatsız
unconscious,bilinçsiz
under,altında
underground,yeraltı
understand,anlamak
understanding,anlayışlı
underwear,iç çamaşırı
unemployed,işsiz
unemployment,işsizlik
unexpected,beklenmedik
unfair,haksız
unfortunately,Ne yazık ki
unhappy,mutsuz
uniform,üniforma
union,birlik
unique,eşsiz
unit,birim
united,Birleşik
universe,Evren
university,Üniversite
unknown,Bilinmeyen
unless,meğer ki
unlike,farklı
unlikely,olası olmayan
unnecessary,gereksiz
unpleasant,hoş olmayan
until,değin
unusual,olağan dışı
up,yukarı
update,güncelleme
upon,üzerine
upper,üst
upset,üzgün
upstairs,üst katta
upwards,yukarı
urban,kentsel
urge,dürtü
us,biz
use,kullanmak
used,kullanılmış
used to,eskiden
useful,kullanışlı
user,kullanıcı
usual,olağan
usually,genellikle
vacuum,vakum
vague,başıboş dolaşmak
valid,geçerli
validity,geçerlilik
vanish,yok olmak
variable,değişken
variation,varyasyon
varied,çeşitli
vein,damar
venture,girişim
verbal,sözlü
verdict,karar
verify,doğrulamak
verse,ayet
versus,e karşı
vertical,dikey
vessel,gemi
veteran,kıdemli
viable,uygun
vibrant,canlı
vice,mengene
vicious,kısır
viewpoint,bakış açısı
villager,köylü
violate,ihlal etmek
violation,ihlal
virtue,Erdem
visa,vize
visible,görünür
vocal,vokal
voluntary,gönüllü
voting,oylama
vow,yemin etmek
vulnerability,güvenlik açığı
vulnerable,hassas
vacation,tatil
valley,vadi
valuable,değerli
value,değer
van,kamyonet
variety,çeşitlilik
various,çeşitli
vary,çeşitli
vast,büyüklük
vegetable,sebze
vehicle,araç
venue,yer
version,versiyon
very,çok
via,aracılığıyla
victim,kurban
victory,zafer
video,video
view,görüş
viewer,izleyici
village,köy
violence,şiddet
violent,şiddetli
virtual,sanal
virus,virüs
vision,görüş
visit,ziyaret etmek
visitor,ziyaretçi
visual,görsel
vital,hayati
vitamin,vitamin
voice,ses
volume,hacim
volunteer,gönüllü
vote,oy
wander,dolaşmak
ward,koğuş
warehouse,depo
warfare,savaş
warming,ısınma
warrant,garanti
warrior,savaşçı
weaken,zayıflatmak
weave,örgü
weed,esrar
weekly,haftalık
weird,garip
welfare,refah
well,Peki
well-being,refah
whatsoever,Herhangi bir
wheat,buğday
whereby,vasıtasıyla
whilst,İken
whip,kırbaçlamak
whoever,her kim
wholly,tamamen
widen,genişletmek
widespread,yaygın
widow,dul
width,Genişlik
willingness,istekli olma
wipe,silip süpürmek
wisdom,bilgelik
wit,zekâ
withdraw,geri çekilmek
withdrawal,para çekme
workforce,işgücü
workout,antrenman yapmak
workplace,iş yeri
workshop,atölye
worm,solucan
worship,tapmak
worthwhile,değerli
worthy,saygıdeğer
wrist,bilek
wage,maaş
wait,Beklemek
waiter,garson
wake,uyanmak
walk,yürümek
wall,duvar
want,istek
war,savaş
warm,ılık
warn,uyarmak
warning,uyarı
wash,yıkamak
washing,yıkama
waste,atık
watch,kol saati
water,su
wave,dalga
way,yol
we,Biz
weak,zayıf
weakness,zayıflık
wealth,varlık
wealthy,zengin
weapon,silah
wear,giymek
weather,hava durumu
web,ağ
website,İnternet sitesi
wedding,düğün
wednesday,Çarşamba
week,hafta
weekend,hafta sonu
weigh,tartmak
weight,ağırlık
welcome,Hoş geldin
well,Peki
west,Batı
western,batılı
wet,ıslak
what,Ne
whatever,Her neyse
wheel,teker
when,Ne zaman
whenever,her ne zaman
where,Neresi
whereas,halbuki
wherever,her nerede
whether,ikisinden biri
which,Hangi
while,sırasında
whisper,fısıltı
white,beyaz
who,DSÖ
whole,tüm
whom,kime
whose,kimin
why,Neden
wide,geniş
widely,geniş bir şekilde
wife,eş
wild,vahşi
wildlife,vahşi yaşam
will,irade
willing,hevesli
win,kazanç
wind,rüzgâr
window,pencere
wine,şarap
wing,kanat
winner,kazanan
winter,kış
wire,tel
wise,bilge
wish,dilek
with,ile
within,içinde
without,olmadan
witness,tanık
woman,kadın
wonder,merak etmek
wonderful,müthiş
wood,odun
wooden,ahşap
wool,yün
word,kelime
work,iş
worker,çalışan
working,çalışma
world,dünya
worldwide,Dünya çapında
worried,endişeli
worry,endişelenmek
worse,daha kötüsü
worst,en kötüsü
worth,değer
would,istemek
wound,yara
wow,Vay
wrap,dürüm
write,yazmak
writer,yazar
writing,yazı
written,yazılı
wrong,yanlış
yell,bağırmak
yield,teslim olmak
youngster,genç
yard,bahçe
yeah,Evet
year,yıl
yellow,sarı
yes,Evet
yesterday,Dün
yet,henüz
you,Sen
young,genç
your,senin
yours,seninki
yourself,kendin
youth,gençlik
zero,sıfır
zone,alan